DATE, NASDAQ100 
2/22/2005," 1,494 "
2/23/2005," 1,497 "
2/24/2005," 1,518 "
2/25/2005," 1,527 "
2/28/2005," 1,511 "
3/1/2005," 1,527 "
3/2/2005," 1,525 "
3/3/2005," 1,512 "
3/4/2005," 1,521 "
3/7/2005," 1,545 "
3/8/2005," 1,529 "
3/9/2005," 1,522 "
3/10/2005," 1,524 "
3/11/2005," 1,506 "
3/14/2005," 1,515 "
3/15/2005," 1,502 "
3/16/2005," 1,486 "
3/17/2005," 1,488 "
3/18/2005," 1,484 "
3/21/2005," 1,484 "
3/22/2005," 1,465 "
3/23/2005," 1,472 "
3/24/2005," 1,470 "
3/25/2005,
3/28/2005," 1,473 "
3/29/2005," 1,464 "
3/30/2005," 1,492 "
3/31/2005," 1,483 "
4/1/2005," 1,469 "
4/4/2005," 1,477 "
4/5/2005," 1,484 "
4/6/2005," 1,481 "
4/7/2005," 1,500 "
4/8/2005," 1,486 "
4/11/2005," 1,479 "
4/12/2005," 1,489 "
4/13/2005," 1,462 "
4/14/2005," 1,441 "
4/15/2005," 1,409 "
4/18/2005," 1,410 "
4/19/2005," 1,421 "
4/20/2005," 1,407 "
4/21/2005," 1,447 "
4/22/2005," 1,421 "
4/25/2005," 1,437 "
4/26/2005," 1,420 "
4/27/2005," 1,424 "
4/28/2005," 1,409 "
4/29/2005," 1,421 "
5/2/2005," 1,424 "
5/3/2005," 1,428 "
5/4/2005," 1,452 "
5/5/2005," 1,450 "
5/6/2005," 1,456 "
5/9/2005," 1,463 "
5/10/2005," 1,450 "
5/11/2005," 1,460 "
5/12/2005," 1,455 "
5/13/2005," 1,471 "
5/16/2005," 1,481 "
5/17/2005," 1,490 "
5/18/2005," 1,509 "
5/19/2005," 1,521 "
5/20/2005," 1,528 "
5/23/2005," 1,535 "
5/24/2005," 1,540 "
5/25/2005," 1,533 "
5/26/2005," 1,549 "
5/27/2005," 1,550 "
5/30/2005,
5/31/2005," 1,543 "
6/1/2005," 1,560 "
6/2/2005," 1,569 "
6/3/2005," 1,544 "
6/6/2005," 1,545 "
6/7/2005," 1,531 "
6/8/2005," 1,528 "
6/9/2005," 1,539 "
6/10/2005," 1,521 "
6/13/2005," 1,529 "
6/14/2005," 1,524 "
6/15/2005," 1,529 "
6/16/2005," 1,537 "
6/17/2005," 1,538 "
6/20/2005," 1,537 "
6/21/2005," 1,536 "
6/22/2005," 1,534 "
6/23/2005," 1,516 "
6/24/2005," 1,500 "
6/27/2005," 1,494 "
6/28/2005," 1,509 "
6/29/2005," 1,504 "
6/30/2005," 1,494 "
7/1/2005," 1,491 "
7/4/2005,
7/5/2005," 1,506 "
7/6/2005," 1,498 "
7/7/2005," 1,504 "
7/8/2005," 1,533 "
7/11/2005," 1,548 "
7/12/2005," 1,556 "
7/13/2005," 1,558 "
7/14/2005," 1,573 "
7/15/2005," 1,578 "
7/18/2005," 1,570 "
7/19/2005," 1,590 "
7/20/2005," 1,603 "
7/21/2005," 1,602 "
7/22/2005," 1,601 "
7/25/2005," 1,594 "
7/26/2005," 1,599 "
7/27/2005," 1,612 "
7/28/2005," 1,619 "
7/29/2005," 1,605 "
8/1/2005," 1,610 "
8/2/2005," 1,627 "
8/3/2005," 1,627 "
8/4/2005," 1,609 "
8/5/2005," 1,602 "
8/8/2005," 1,590 "
8/9/2005," 1,601 "
8/10/2005," 1,586 "
8/11/2005," 1,601 "
8/12/2005," 1,592 "
8/15/2005," 1,601 "
8/16/2005," 1,574 "
8/17/2005," 1,582 "
8/18/2005," 1,576 "
8/19/2005," 1,574 "
8/22/2005," 1,576 "
8/23/2005," 1,571 "
8/24/2005," 1,562 "
8/25/2005," 1,566 "
8/26/2005," 1,559 "
8/29/2005," 1,572 "
8/30/2005," 1,566 "
8/31/2005," 1,582 "
9/1/2005," 1,577 "
9/2/2005," 1,573 "
9/5/2005,
9/6/2005," 1,597 "
9/7/2005," 1,600 "
9/8/2005," 1,598 "
9/9/2005," 1,608 "
9/12/2005," 1,612 "
9/13/2005," 1,607 "
9/14/2005," 1,590 "
9/15/2005," 1,589 "
9/16/2005," 1,599 "
9/19/2005," 1,586 "
9/20/2005," 1,578 "
9/21/2005," 1,562 "
9/22/2005," 1,567 "
9/23/2005," 1,572 "
9/26/2005," 1,573 "
9/27/2005," 1,569 "
9/28/2005," 1,569 "
9/29/2005," 1,590 "
9/30/2005," 1,602 "
10/3/2005," 1,606 "
10/4/2005," 1,596 "
10/5/2005," 1,572 "
10/6/2005," 1,553 "
10/7/2005," 1,556 "
10/10/2005," 1,547 "
10/11/2005," 1,539 "
10/12/2005," 1,521 "
10/13/2005," 1,534 "
10/14/2005," 1,544 "
10/17/2005," 1,550 "
10/18/2005," 1,538 "
10/19/2005," 1,570 "
10/20/2005," 1,556 "
10/21/2005," 1,565 "
10/24/2005," 1,591 "
10/25/2005," 1,586 "
10/26/2005," 1,575 "
10/27/2005," 1,543 "
10/28/2005," 1,557 "
10/31/2005," 1,579 "
11/1/2005," 1,577 "
11/2/2005," 1,597 "
11/3/2005," 1,620 "
11/4/2005," 1,628 "
11/7/2005," 1,629 "
11/8/2005," 1,628 "
11/9/2005," 1,630 "
11/10/2005," 1,651 "
11/11/2005," 1,653 "
11/14/2005," 1,652 "
11/15/2005," 1,644 "
11/16/2005," 1,651 "
11/17/2005," 1,676 "
11/18/2005," 1,680 "
11/21/2005," 1,686 "
11/22/2005," 1,694 "
11/23/2005," 1,697 "
11/24/2005,
11/25/2005," 1,701 "
11/28/2005," 1,684 "
11/29/2005," 1,677 "
11/30/2005," 1,673 "
12/1/2005," 1,704 "
12/2/2005," 1,709 "
12/5/2005," 1,695 "
12/6/2005," 1,701 "
12/7/2005," 1,697 "
12/8/2005," 1,686 "
12/9/2005," 1,693 "
12/12/2005," 1,698 "
12/13/2005," 1,706 "
12/14/2005," 1,699 "
12/15/2005," 1,702 "
12/16/2005," 1,689 "
12/19/2005," 1,664 "
12/20/2005," 1,665 "
12/21/2005," 1,671 "
12/22/2005," 1,683 "
12/23/2005," 1,683 "
12/26/2005,
12/27/2005," 1,668 "
12/28/2005," 1,667 "
12/29/2005," 1,655 "
12/30/2005," 1,645 "
1/2/2006,
1/3/2006," 1,680 "
1/4/2006," 1,696 "
1/5/2006," 1,705 "
1/6/2006," 1,735 "
1/9/2006," 1,742 "
1/10/2006," 1,744 "
1/11/2006," 1,758 "
1/12/2006," 1,747 "
1/13/2006," 1,747 "
1/16/2006,
1/17/2006," 1,736 "
1/18/2006," 1,717 "
1/19/2006," 1,730 "
1/20/2006," 1,676 "
1/23/2006," 1,676 "
1/24/2006," 1,686 "
1/25/2006," 1,677 "
1/26/2006," 1,690 "
1/27/2006," 1,711 "
1/30/2006," 1,713 "
1/31/2006," 1,711 "
2/1/2006," 1,713 "
2/2/2006," 1,686 "
2/3/2006," 1,665 "
2/6/2006," 1,658 "
2/7/2006," 1,652 "
2/8/2006," 1,670 "
2/9/2006," 1,654 "
2/10/2006," 1,664 "
2/13/2006," 1,646 "
2/14/2006," 1,662 "
2/15/2006," 1,673 "
2/16/2006," 1,689 "
2/17/2006," 1,675 "
2/20/2006,
2/21/2006," 1,656 "
2/22/2006," 1,678 "
2/23/2006," 1,672 "
2/24/2006," 1,677 "
2/27/2006," 1,696 "
2/28/2006," 1,671 "
3/1/2006," 1,695 "
3/2/2006," 1,694 "
3/3/2006," 1,684 "
3/6/2006," 1,670 "
3/7/2006," 1,661 "
3/8/2006," 1,660 "
3/9/2006," 1,645 "
3/10/2006," 1,648 "
3/13/2006," 1,654 "
3/14/2006," 1,681 "
3/15/2006," 1,694 "
3/16/2006," 1,679 "
3/17/2006," 1,686 "
3/20/2006," 1,689 "
3/21/2006," 1,672 "
3/22/2006," 1,676 "
3/23/2006," 1,671 "
3/24/2006," 1,680 "
3/27/2006," 1,681 "
3/28/2006," 1,673 "
3/29/2006," 1,704 "
3/30/2006," 1,709 "
3/31/2006," 1,704 "
4/3/2006," 1,707 "
4/4/2006," 1,717 "
4/5/2006," 1,733 "
4/6/2006," 1,739 "
4/7/2006," 1,723 "
4/10/2006," 1,719 "
4/11/2006," 1,704 "
4/12/2006," 1,705 "
4/13/2006," 1,712 "
4/14/2006,
4/17/2006," 1,694 "
4/18/2006," 1,727 "
4/19/2006," 1,734 "
4/20/2006," 1,729 "
4/21/2006," 1,709 "
4/24/2006," 1,706 "
4/25/2006," 1,701 "
4/26/2006," 1,702 "
4/27/2006," 1,717 "
4/28/2006," 1,701 "
5/1/2006," 1,687 "
5/2/2006," 1,690 "
5/3/2006," 1,686 "
5/4/2006," 1,701 "
5/5/2006," 1,714 "
5/8/2006," 1,715 "
5/9/2006," 1,711 "
5/10/2006," 1,695 "
5/11/2006," 1,657 "
5/12/2006," 1,636 "
5/15/2006," 1,635 "
5/16/2006," 1,624 "
5/17/2006," 1,599 "
5/18/2006," 1,587 "
5/19/2006," 1,601 "
5/22/2006," 1,585 "
5/23/2006," 1,569 "
5/24/2006," 1,580 "
5/25/2006," 1,600 "
5/26/2006," 1,606 "
5/29/2006,
5/30/2006," 1,571 "
5/31/2006," 1,580 "
6/1/2006," 1,617 "
6/2/2006," 1,613 "
6/5/2006," 1,578 "
6/6/2006," 1,575 "
6/7/2006," 1,565 "
6/8/2006," 1,562 "
6/9/2006," 1,551 "
6/12/2006," 1,520 "
6/13/2006," 1,517 "
6/14/2006," 1,530 "
6/15/2006," 1,573 "
6/16/2006," 1,563 "
6/19/2006," 1,549 "
6/20/2006," 1,548 "
6/21/2006," 1,574 "
6/22/2006," 1,554 "
6/23/2006," 1,551 "
6/26/2006," 1,556 "
6/27/2006," 1,527 "
6/28/2006," 1,538 "
6/29/2006," 1,586 "
6/30/2006," 1,575 "
7/3/2006," 1,586 "
7/4/2006,
7/5/2006," 1,554 "
7/6/2006," 1,552 "
7/7/2006," 1,534 "
7/10/2006," 1,521 "
7/11/2006," 1,533 "
7/12/2006," 1,501 "
7/13/2006," 1,478 "
7/14/2006," 1,462 "
7/17/2006," 1,469 "
7/18/2006," 1,472 "
7/19/2006," 1,491 "
7/20/2006," 1,467 "
7/21/2006," 1,452 "
7/24/2006," 1,482 "
7/25/2006," 1,490 "
7/26/2006," 1,488 "
7/27/2006," 1,479 "
7/28/2006," 1,510 "
7/31/2006," 1,509 "
8/1/2006," 1,485 "
8/2/2006," 1,500 "
8/3/2006," 1,511 "
8/4/2006," 1,504 "
8/7/2006," 1,494 "
8/8/2006," 1,485 "
8/9/2006," 1,486 "
8/10/2006," 1,496 "
8/11/2006," 1,487 "
8/14/2006," 1,494 "
8/15/2006," 1,534 "
8/16/2006," 1,570 "
8/17/2006," 1,574 "
8/18/2006," 1,576 "
8/21/2006," 1,561 "
8/22/2006," 1,563 "
8/23/2006," 1,550 "
8/24/2006," 1,555 "
8/25/2006," 1,558 "
8/28/2006," 1,570 "
8/29/2006," 1,574 "
8/30/2006," 1,582 "
8/31/2006," 1,580 "
9/1/2006," 1,589 "
9/4/2006,
9/5/2006," 1,604 "
9/6/2006," 1,572 "
9/7/2006," 1,565 "
9/8/2006," 1,575 "
9/11/2006," 1,584 "
9/12/2006," 1,616 "
9/13/2006," 1,624 "
9/14/2006," 1,626 "
9/15/2006," 1,632 "
9/18/2006," 1,632 "
9/19/2006," 1,621 "
9/20/2006," 1,645 "
9/21/2006," 1,635 "
9/22/2006," 1,622 "
9/25/2006," 1,650 "
9/26/2006," 1,659 "
9/27/2006," 1,656 "
9/28/2006," 1,662 "
9/29/2006," 1,654 "
10/2/2006," 1,633 "
10/3/2006," 1,640 "
10/4/2006," 1,681 "
10/5/2006," 1,689 "
10/6/2006," 1,685 "
10/9/2006," 1,691 "
10/10/2006," 1,693 "
10/11/2006," 1,691 "
10/12/2006," 1,719 "
10/13/2006," 1,727 "
10/16/2006," 1,728 "
10/17/2006," 1,710 "
10/18/2006," 1,701 "
10/19/2006," 1,706 "
10/20/2006," 1,710 "
10/23/2006," 1,726 "
10/24/2006," 1,714 "
10/25/2006," 1,727 "
10/26/2006," 1,744 "
10/27/2006," 1,718 "
10/30/2006," 1,728 "
10/31/2006," 1,733 "
11/1/2006," 1,708 "
11/2/2006," 1,710 "
11/3/2006," 1,704 "
11/6/2006," 1,732 "
11/7/2006," 1,742 "
11/8/2006," 1,750 "
11/9/2006," 1,740 "
11/10/2006," 1,751 "
11/13/2006," 1,768 "
11/14/2006," 1,787 "
11/15/2006," 1,794 "
11/16/2006," 1,802 "
11/17/2006," 1,801 "
11/20/2006," 1,804 "
11/21/2006," 1,809 "
11/22/2006," 1,820 "
11/23/2006,
11/24/2006," 1,816 "
11/27/2006," 1,775 "
11/28/2006," 1,780 "
11/29/2006," 1,793 "
11/30/2006," 1,791 "
12/1/2006," 1,775 "
12/4/2006," 1,800 "
12/5/2006," 1,805 "
12/6/2006," 1,799 "
12/7/2006," 1,777 "
12/8/2006," 1,786 "
12/11/2006," 1,792 "
12/12/2006," 1,782 "
12/13/2006," 1,783 "
12/14/2006," 1,803 "
12/15/2006," 1,809 "
12/18/2006," 1,791 "
12/19/2006," 1,785 "
12/20/2006," 1,778 "
12/21/2006," 1,766 "
12/22/2006," 1,749 "
12/25/2006,
12/26/2006," 1,754 "
12/27/2006," 1,763 "
12/28/2006," 1,759 "
12/29/2006," 1,757 "
1/1/2007,
1/2/2007,
1/3/2007," 1,759 "
1/4/2007," 1,793 "
1/5/2007," 1,785 "
1/8/2007," 1,787 "
1/9/2007," 1,796 "
1/10/2007," 1,816 "
1/11/2007," 1,835 "
1/12/2007," 1,845 "
1/15/2007,
1/16/2007," 1,842 "
1/17/2007," 1,828 "
1/18/2007," 1,794 "
1/19/2007," 1,797 "
1/22/2007," 1,779 "
1/23/2007," 1,773 "
1/24/2007," 1,803 "
1/25/2007," 1,778 "
1/26/2007," 1,773 "
1/29/2007," 1,775 "
1/30/2007," 1,778 "
1/31/2007," 1,792 "
2/1/2007," 1,791 "
2/2/2007," 1,798 "
2/5/2007," 1,795 "
2/6/2007," 1,793 "
2/7/2007," 1,811 "
2/8/2007," 1,811 "
2/9/2007," 1,786 "
2/12/2007," 1,778 "
2/13/2007," 1,784 "
2/14/2007," 1,815 "
2/15/2007," 1,823 "
2/16/2007," 1,821 "
2/19/2007,
2/20/2007," 1,834 "
2/21/2007," 1,839 "
2/22/2007," 1,846 "
2/23/2007," 1,840 "
2/26/2007," 1,831 "
2/27/2007," 1,756 "
2/28/2007," 1,762 "
3/1/2007," 1,753 "
3/2/2007," 1,726 "
3/5/2007," 1,713 "
3/6/2007," 1,743 "
3/7/2007," 1,736 "
3/8/2007," 1,746 "
3/9/2007," 1,745 "
3/12/2007," 1,756 "
3/13/2007," 1,722 "
3/14/2007," 1,743 "
3/15/2007," 1,745 "
3/16/2007," 1,742 "
3/19/2007," 1,758 "
3/20/2007," 1,767 "
3/21/2007," 1,806 "
3/22/2007," 1,800 "
3/23/2007," 1,794 "
3/26/2007," 1,803 "
3/27/2007," 1,790 "
3/28/2007," 1,771 "
3/29/2007," 1,772 "
3/30/2007," 1,772 "
4/2/2007," 1,773 "
4/3/2007," 1,796 "
4/4/2007," 1,802 "
4/5/2007," 1,813 "
4/6/2007,
4/9/2007," 1,808 "
4/10/2007," 1,817 "
4/11/2007," 1,798 "
4/12/2007," 1,813 "
4/13/2007," 1,817 "
4/16/2007," 1,834 "
4/17/2007," 1,835 "
4/18/2007," 1,832 "
4/19/2007," 1,832 "
4/20/2007," 1,846 "
4/23/2007," 1,850 "
4/24/2007," 1,859 "
4/25/2007," 1,881 "
4/26/2007," 1,890 "
4/27/2007," 1,891 "
4/30/2007," 1,868 "
5/1/2007," 1,873 "
5/2/2007," 1,890 "
5/3/2007," 1,896 "
5/4/2007," 1,896 "
5/7/2007," 1,896 "
5/8/2007," 1,900 "
5/9/2007," 1,906 "
5/10/2007," 1,875 "
5/11/2007," 1,899 "
5/14/2007," 1,888 "
5/15/2007," 1,872 "
5/16/2007," 1,892 "
5/17/2007," 1,885 "
5/18/2007," 1,897 "
5/21/2007," 1,911 "
5/22/2007," 1,916 "
5/23/2007," 1,904 "
5/24/2007," 1,875 "
5/25/2007," 1,889 "
5/28/2007,
5/29/2007," 1,900 "
5/30/2007," 1,918 "
5/31/2007," 1,928 "
6/1/2007," 1,928 "
6/4/2007," 1,934 "
6/5/2007," 1,932 "
6/6/2007," 1,915 "
6/7/2007," 1,882 "
6/8/2007," 1,906 "
6/11/2007," 1,902 "
6/12/2007," 1,891 "
6/13/2007," 1,914 "
6/14/2007," 1,925 "
6/15/2007," 1,942 "
6/18/2007," 1,944 "
6/19/2007," 1,942 "
6/20/2007," 1,922 "
6/21/2007," 1,941 "
6/22/2007," 1,922 "
6/25/2007," 1,913 "
6/26/2007," 1,909 "
6/27/2007," 1,933 "
6/28/2007," 1,932 "
6/29/2007," 1,934 "
7/2/2007," 1,954 "
7/3/2007," 1,965 "
7/4/2007,
7/5/2007," 1,981 "
7/6/2007," 1,988 "
7/9/2007," 1,989 "
7/10/2007," 1,972 "
7/11/2007," 1,984 "
7/12/2007," 2,021 "
7/13/2007," 2,032 "
7/16/2007," 2,028 "
7/17/2007," 2,042 "
7/18/2007," 2,038 "
7/19/2007," 2,053 "
7/20/2007," 2,036 "
7/23/2007," 2,036 "
7/24/2007," 2,001 "
7/25/2007," 2,011 "
7/26/2007," 1,987 "
7/27/2007," 1,956 "
7/30/2007," 1,974 "
7/31/2007," 1,932 "
8/1/2007," 1,945 "
8/2/2007," 1,967 "
8/3/2007," 1,919 "
8/6/2007," 1,954 "
8/7/2007," 1,962 "
8/8/2007," 1,987 "
8/9/2007," 1,937 "
8/10/2007," 1,925 "
8/13/2007," 1,934 "
8/14/2007," 1,901 "
8/15/2007," 1,865 "
8/16/2007," 1,846 "
8/17/2007," 1,889 "
8/20/2007," 1,893 "
8/21/2007," 1,911 "
8/22/2007," 1,937 "
8/23/2007," 1,932 "
8/24/2007," 1,961 "
8/27/2007," 1,947 "
8/28/2007," 1,899 "
8/29/2007," 1,955 "
8/30/2007," 1,964 "
8/31/2007," 1,989 "
9/3/2007,
9/4/2007," 2,021 "
9/5/2007," 1,994 "
9/6/2007," 1,999 "
9/7/2007," 1,958 "
9/10/2007," 1,960 "
9/11/2007," 1,989 "
9/12/2007," 1,989 "
9/13/2007," 1,999 "
9/14/2007," 2,001 "
9/17/2007," 1,983 "
9/18/2007," 2,035 "
9/19/2007," 2,041 "
9/20/2007," 2,033 "
9/21/2007," 2,049 "
9/24/2007," 2,057 "
9/25/2007," 2,077 "
9/26/2007," 2,088 "
9/27/2007," 2,096 "
9/28/2007," 2,091 "
10/1/2007," 2,117 "
10/2/2007," 2,116 "
10/3/2007," 2,103 "
10/4/2007," 2,106 "
10/5/2007," 2,150 "
10/8/2007," 2,163 "
10/9/2007," 2,171 "
10/10/2007," 2,177 "
10/11/2007," 2,141 "
10/12/2007," 2,178 "
10/15/2007," 2,159 "
10/16/2007," 2,151 "
10/17/2007," 2,179 "
10/18/2007," 2,188 "
10/19/2007," 2,131 "
10/22/2007," 2,157 "
10/23/2007," 2,205 "
10/24/2007," 2,189 "
10/25/2007," 2,162 "
10/26/2007," 2,195 "
10/29/2007," 2,203 "
10/30/2007," 2,208 "
10/31/2007," 2,239 "
11/1/2007," 2,197 "
11/2/2007," 2,214 "
11/5/2007," 2,200 "
11/6/2007," 2,224 "
11/7/2007," 2,169 "
11/8/2007," 2,106 "
11/9/2007," 2,034 "
11/12/2007," 1,982 "
11/13/2007," 2,066 "
11/14/2007," 2,038 "
11/15/2007," 2,024 "
11/16/2007," 2,049 "
11/19/2007," 2,021 "
11/20/2007," 2,030 "
11/21/2007," 2,006 "
11/22/2007,
11/23/2007," 2,029 "
11/26/2007," 1,989 "
11/27/2007," 2,034 "
11/28/2007,
11/29/2007," 2,102 "
11/30/2007," 2,089 "
12/3/2007," 2,067 "
12/4/2007," 2,059 "
12/5/2007," 2,099 "
12/6/2007," 2,128 "
12/7/2007," 2,130 "
12/10/2007," 2,135 "
12/11/2007," 2,084 "
12/12/2007," 2,101 "
12/13/2007," 2,095 "
12/14/2007," 2,072 "
12/17/2007," 2,021 "
12/18/2007," 2,029 "
12/19/2007," 2,031 "
12/20/2007," 2,070 "
12/21/2007," 2,112 "
12/24/2007," 2,129 "
12/25/2007,
12/26/2007," 2,137 "
12/27/2007," 2,106 "
12/28/2007," 2,107 "
12/31/2007," 2,085 "
1/1/2008,
1/2/2008," 2,050 "
1/3/2008," 2,052 "
1/4/2008," 1,964 "
1/7/2008," 1,957 "
1/8/2008," 1,910 "
1/9/2008," 1,949 "
1/10/2008," 1,954 "
1/11/2008," 1,913 "
1/14/2008," 1,949 "
1/15/2008," 1,894 "
1/16/2008," 1,872 "
1/17/2008," 1,842 "
1/18/2008," 1,844 "
1/21/2008,
1/22/2008," 1,796 "
1/23/2008," 1,790 "
1/24/2008," 1,827 "
1/25/2008," 1,789 "
1/28/2008," 1,805 "
1/29/2008," 1,808 "
1/30/2008," 1,809 "
1/31/2008," 1,841 "
2/1/2008," 1,855 "
2/4/2008," 1,829 "
2/5/2008," 1,773 "
2/6/2008," 1,741 "
2/7/2008," 1,753 "
2/8/2008," 1,774 "
2/11/2008," 1,793 "
2/12/2008," 1,781 "
2/13/2008," 1,823 "
2/14/2008," 1,788 "
2/15/2008," 1,780 "
2/18/2008,
2/19/2008," 1,765 "
2/20/2008," 1,787 "
2/21/2008," 1,766 "
2/22/2008," 1,773 "
2/25/2008," 1,785 "
2/26/2008," 1,791 "
2/27/2008," 1,800 "
2/28/2008," 1,794 "
2/29/2008," 1,745 "
3/3/2008," 1,733 "
3/4/2008," 1,744 "
3/5/2008," 1,754 "
3/6/2008," 1,713 "
3/7/2008," 1,708 "
3/10/2008," 1,673 "
3/11/2008," 1,741 "
3/12/2008," 1,735 "
3/13/2008," 1,750 "
3/14/2008," 1,714 "
3/17/2008," 1,687 "
3/18/2008," 1,761 "
3/19/2008," 1,716 "
3/20/2008," 1,752 "
3/21/2008,
3/24/2008," 1,814 "
3/25/2008," 1,825 "
3/26/2008," 1,817 "
3/27/2008," 1,778 "
3/28/2008," 1,768 "
3/31/2008," 1,782 "
4/1/2008," 1,855 "
4/2/2008," 1,849 "
4/3/2008," 1,855 "
4/4/2008," 1,866 "
4/7/2008," 1,861 "
4/8/2008," 1,846 "
4/9/2008," 1,826 "
4/10/2008," 1,853 "
4/11/2008," 1,799 "
4/14/2008," 1,791 "
4/15/2008," 1,795 "
4/16/2008," 1,847 "
4/17/2008," 1,841 "
4/18/2008," 1,900 "
4/21/2008," 1,913 "
4/22/2008," 1,882 "
4/23/2008," 1,907 "
4/24/2008," 1,925 "
4/25/2008," 1,919 "
4/28/2008," 1,923 "
4/29/2008," 1,934 "
4/30/2008," 1,918 "
5/1/2008," 1,980 "
5/2/2008," 1,982 "
5/5/2008," 1,976 "
5/6/2008," 1,991 "
5/7/2008," 1,951 "
5/8/2008," 1,967 "
5/9/2008," 1,960 "
5/12/2008," 1,997 "
5/13/2008," 2,001 "
5/14/2008," 1,997 "
5/15/2008," 2,031 "
5/16/2008," 2,031 "
5/19/2008," 2,017 "
5/20/2008," 2,001 "
5/21/2008," 1,957 "
5/22/2008," 1,965 "
5/23/2008," 1,959 "
5/26/2008,
5/27/2008," 1,995 "
5/28/2008," 2,000 "
5/29/2008," 2,019 "
5/30/2008," 2,033 "
6/2/2008," 2,007 "
6/3/2008," 1,997 "
6/4/2008," 2,021 "
6/5/2008," 2,055 "
6/6/2008," 1,990 "
6/9/2008," 1,980 "
6/10/2008," 1,973 "
6/11/2008," 1,924 "
6/12/2008," 1,924 "
6/13/2008," 1,966 "
6/16/2008," 1,985 "
6/17/2008," 1,973 "
6/18/2008," 1,951 "
6/19/2008," 1,983 "
6/20/2008," 1,928 "
6/23/2008," 1,913 "
6/24/2008," 1,904 "
6/25/2008," 1,934 "
6/26/2008," 1,855 "
6/27/2008," 1,856 "
6/30/2008," 1,837 "
7/1/2008," 1,863 "
7/2/2008," 1,816 "
7/3/2008," 1,816 "
7/4/2008,
7/7/2008," 1,827 "
7/8/2008," 1,871 "
7/9/2008," 1,819 "
7/10/2008," 1,840 "
7/11/2008," 1,811 "
7/14/2008," 1,798 "
7/15/2008," 1,798 "
7/16/2008," 1,844 "
7/17/2008," 1,853 "
7/18/2008," 1,823 "
7/21/2008," 1,820 "
7/22/2008," 1,822 "
7/23/2008," 1,846 "
7/24/2008," 1,817 "
7/25/2008," 1,847 "
7/28/2008," 1,803 "
7/29/2008," 1,846 "
7/30/2008," 1,853 "
7/31/2008," 1,849 "
8/1/2008," 1,827 "
8/4/2008," 1,805 "
8/5/2008," 1,870 "
8/6/2008," 1,895 "
8/7/2008," 1,880 "
8/8/2008," 1,926 "
8/11/2008," 1,941 "
8/12/2008," 1,941 "
8/13/2008," 1,942 "
8/14/2008," 1,964 "
8/15/2008," 1,958 "
8/18/2008," 1,933 "
8/19/2008," 1,909 "
8/20/2008," 1,913 "
8/21/2008," 1,907 "
8/22/2008," 1,931 "
8/25/2008," 1,890 "
8/26/2008," 1,886 "
8/27/2008," 1,900 "
8/28/2008," 1,915 "
8/29/2008," 1,873 "
9/1/2008,
9/2/2008," 1,850 "
9/3/2008," 1,833 "
9/4/2008," 1,775 "
9/5/2008," 1,768 "
9/8/2008," 1,763 "
9/9/2008," 1,722 "
9/10/2008," 1,738 "
9/11/2008," 1,774 "
9/12/2008," 1,767 "
9/15/2008," 1,705 "
9/16/2008," 1,724 "
9/17/2008," 1,632 "
9/18/2008," 1,697 "
9/19/2008," 1,745 "
9/22/2008," 1,666 "
9/23/2008," 1,648 "
9/24/2008," 1,661 "
9/25/2008," 1,688 "
9/26/2008," 1,672 "
9/29/2008," 1,496 "
9/30/2008," 1,585 "
10/1/2008," 1,564 "
10/2/2008," 1,491 "
10/3/2008," 1,471 "
10/6/2008," 1,411 "
10/7/2008," 1,329 "
10/8/2008," 1,330 "
10/9/2008," 1,275 "
10/10/2008," 1,270 "
10/13/2008," 1,430 "
10/14/2008," 1,365 "
10/15/2008," 1,244 "
10/16/2008," 1,313 "
10/17/2008," 1,312 "
10/20/2008," 1,353 "
10/21/2008," 1,283 "
10/22/2008," 1,237 "
10/23/2008," 1,239 "
10/24/2008," 1,202 "
10/27/2008," 1,170 "
10/28/2008," 1,298 "
10/29/2008," 1,302 "
10/30/2008," 1,334 "
10/31/2008," 1,335 "
11/3/2008," 1,335 "
11/4/2008," 1,378 "
11/5/2008," 1,300 "
11/6/2008," 1,242 "
11/7/2008," 1,272 "
11/10/2008," 1,251 "
11/11/2008," 1,226 "
11/12/2008," 1,165 "
11/13/2008," 1,241 "
11/14/2008," 1,180 "
11/17/2008," 1,152 "
11/18/2008," 1,156 "
11/19/2008," 1,088 "
11/20/2008," 1,037 "
11/21/2008," 1,086 "
11/24/2008," 1,154 "
11/25/2008," 1,143 "
11/26/2008," 1,193 "
11/27/2008,
11/28/2008," 1,186 "
12/1/2008," 1,091 "
12/2/2008," 1,130 "
12/3/2008," 1,166 "
12/4/2008," 1,128 "
12/5/2008," 1,178 "
12/8/2008," 1,225 "
12/9/2008," 1,212 "
12/10/2008," 1,222 "
12/11/2008," 1,180 "
12/12/2008," 1,207 "
12/15/2008," 1,182 "
12/16/2008," 1,243 "
12/17/2008," 1,226 "
12/18/2008," 1,205 "
12/19/2008," 1,217 "
12/22/2008," 1,189 "
12/23/2008," 1,183 "
12/24/2008," 1,184 "
12/25/2008,
12/26/2008," 1,185 "
12/29/2008," 1,173 "
12/30/2008," 1,201 "
12/31/2008," 1,212 "
1/1/2009,
1/2/2009," 1,264 "
1/5/2009," 1,263 "
1/6/2009," 1,274 "
1/7/2009," 1,239 "
1/8/2009," 1,253 "
1/9/2009," 1,223 "
1/12/2009," 1,201 "
1/13/2009," 1,203 "
1/14/2009," 1,163 "
1/15/2009," 1,184 "
1/16/2009," 1,198 "
1/19/2009,
1/20/2009," 1,137 "
1/21/2009," 1,186 "
1/22/2009," 1,168 "
1/23/2009," 1,176 "
1/26/2009," 1,185 "
1/27/2009," 1,194 "
1/28/2009," 1,236 "
1/29/2009," 1,204 "
1/30/2009," 1,180 "
2/2/2009," 1,196 "
2/3/2009," 1,216 "
2/4/2009," 1,215 "
2/5/2009," 1,245 "
2/6/2009," 1,277 "
2/9/2009," 1,282 "
2/10/2009," 1,229 "
2/11/2009," 1,227 "
2/12/2009," 1,243 "
2/13/2009," 1,237 "
2/16/2009,
2/17/2009," 1,187 "
2/18/2009," 1,189 "
2/19/2009," 1,168 "
2/20/2009," 1,173 "
2/23/2009," 1,129 "
2/24/2009," 1,171 "
2/25/2009," 1,161 "
2/26/2009," 1,127 "
2/27/2009," 1,117 "
3/2/2009," 1,077 "
3/3/2009," 1,081 "
3/4/2009," 1,110 "
3/5/2009," 1,075 "
3/6/2009," 1,065 "
3/9/2009," 1,044 "
3/10/2009," 1,112 "
3/11/2009," 1,126 "
3/12/2009," 1,165 "
3/13/2009," 1,169 "
3/16/2009," 1,145 "
3/17/2009," 1,192 "
3/18/2009," 1,207 "
3/19/2009," 1,204 "
3/20/2009," 1,187 "
3/23/2009," 1,260 "
3/24/2009," 1,235 "
3/25/2009," 1,237 "
3/26/2009," 1,281 "
3/27/2009," 1,251 "
3/30/2009," 1,221 "
3/31/2009," 1,237 "
4/1/2009," 1,253 "
4/2/2009," 1,294 "
4/3/2009," 1,316 "
4/6/2009," 1,313 "
4/7/2009," 1,275 "
4/8/2009," 1,301 "
4/9/2009," 1,340 "
4/10/2009,
4/13/2009," 1,337 "
4/14/2009," 1,322 "
4/15/2009," 1,317 "
4/16/2009," 1,353 "
4/17/2009," 1,354 "
4/20/2009," 1,309 "
4/21/2009," 1,329 "
4/22/2009," 1,336 "
4/23/2009," 1,344 "
4/24/2009," 1,373 "
4/27/2009," 1,370 "
4/28/2009," 1,362 "
4/29/2009," 1,382 "
4/30/2009," 1,394 "
5/1/2009," 1,397 "
5/4/2009," 1,428 "
5/5/2009," 1,424 "
5/6/2009," 1,424 "
5/7/2009," 1,390 "
5/8/2009," 1,394 "
5/11/2009," 1,396 "
5/12/2009," 1,377 "
5/13/2009," 1,340 "
5/14/2009," 1,360 "
5/15/2009," 1,355 "
5/18/2009," 1,393 "
5/19/2009," 1,398 "
5/20/2009," 1,394 "
5/21/2009," 1,367 "
5/22/2009," 1,363 "
5/25/2009,
5/26/2009," 1,413 "
5/27/2009," 1,402 "
5/28/2009," 1,420 "
5/29/2009," 1,436 "
6/1/2009," 1,477 "
6/2/2009," 1,480 "
6/3/2009," 1,475 "
6/4/2009," 1,493 "
6/5/2009," 1,493 "
6/8/2009," 1,488 "
6/9/2009," 1,502 "
6/10/2009," 1,495 "
6/11/2009," 1,497 "
6/12/2009," 1,490 "
6/15/2009," 1,457 "
6/16/2009," 1,443 "
6/17/2009," 1,456 "
6/18/2009," 1,454 "
6/19/2009," 1,471 "
6/22/2009," 1,427 "
6/23/2009," 1,424 "
6/24/2009," 1,447 "
6/25/2009," 1,476 "
6/26/2009," 1,480 "
6/29/2009," 1,484 "
6/30/2009," 1,477 "
7/1/2009," 1,481 "
7/2/2009," 1,446 "
7/3/2009,
7/6/2009," 1,441 "
7/7/2009," 1,405 "
7/8/2009," 1,412 "
7/9/2009," 1,415 "
7/10/2009," 1,420 "
7/13/2009," 1,448 "
7/14/2009," 1,453 "
7/15/2009," 1,501 "
7/16/2009," 1,519 "
7/17/2009," 1,527 "
7/20/2009," 1,544 "
7/21/2009," 1,553 "
7/22/2009," 1,565 "
7/23/2009," 1,602 "
7/24/2009," 1,599 "
7/27/2009," 1,599 "
7/28/2009," 1,605 "
7/29/2009," 1,600 "
7/30/2009," 1,610 "
7/31/2009," 1,603 "
8/3/2009," 1,628 "
8/4/2009," 1,628 "
8/5/2009," 1,614 "
8/6/2009," 1,600 "
8/7/2009," 1,619 "
8/10/2009," 1,610 "
8/11/2009," 1,595 "
8/12/2009," 1,620 "
8/13/2009," 1,629 "
8/14/2009," 1,612 "
8/17/2009," 1,565 "
8/18/2009," 1,587 "
8/19/2009," 1,597 "
8/20/2009," 1,614 "
8/21/2009," 1,638 "
8/24/2009," 1,635 "
8/25/2009," 1,640 "
8/26/2009," 1,637 "
8/27/2009," 1,641 "
8/28/2009," 1,643 "
8/31/2009," 1,625 "
9/1/2009," 1,596 "
9/2/2009," 1,594 "
9/3/2009," 1,606 "
9/4/2009," 1,638 "
9/7/2009,
9/8/2009," 1,655 "
9/9/2009," 1,669 "
9/10/2009," 1,686 "
9/11/2009," 1,685 "
9/14/2009," 1,694 "
9/15/2009," 1,700 "
9/16/2009," 1,724 "
9/17/2009," 1,721 "
9/18/2009," 1,725 "
9/21/2009," 1,732 "
9/22/2009," 1,734 "
9/23/2009," 1,724 "
9/24/2009," 1,710 "
9/25/2009," 1,694 "
9/28/2009," 1,725 "
9/29/2009," 1,718 "
9/30/2009," 1,719 "
10/1/2009," 1,666 "
10/2/2009," 1,662 "
10/5/2009," 1,676 "
10/6/2009," 1,705 "
10/7/2009," 1,710 "
10/8/2009," 1,718 "
10/9/2009," 1,728 "
10/12/2009," 1,730 "
10/13/2009," 1,730 "
10/14/2009," 1,754 "
10/15/2009," 1,753 "
10/16/2009," 1,739 "
10/19/2009," 1,757 "
10/20/2009," 1,756 "
10/21/2009," 1,754 "
10/22/2009," 1,763 "
10/23/2009," 1,754 "
10/26/2009," 1,747 "
10/27/2009," 1,721 "
10/28/2009," 1,682 "
10/29/2009," 1,711 "
10/30/2009," 1,667 "
11/2/2009," 1,673 "
11/3/2009," 1,679 "
11/4/2009," 1,681 "
11/5/2009," 1,721 "
11/6/2009," 1,731 "
11/9/2009," 1,768 "
11/10/2009," 1,773 "
11/11/2009," 1,783 "
11/12/2009," 1,773 "
11/13/2009," 1,789 "
11/16/2009," 1,808 "
11/17/2009," 1,812 "
11/18/2009," 1,802 "
11/19/2009," 1,773 "
11/20/2009," 1,764 "
11/23/2009," 1,793 "
11/24/2009," 1,786 "
11/25/2009," 1,794 "
11/26/2009,
11/27/2009," 1,765 "
11/30/2009," 1,767 "
12/1/2009," 1,788 "
12/2/2009," 1,791 "
12/3/2009," 1,783 "
12/4/2009," 1,792 "
12/7/2009," 1,784 "
12/8/2009," 1,773 "
12/9/2009," 1,790 "
12/10/2009," 1,799 "
12/11/2009," 1,792 "
12/14/2009," 1,809 "
12/15/2009," 1,798 "
12/16/2009," 1,801 "
12/17/2009," 1,778 "
12/18/2009," 1,807 "
12/21/2009," 1,829 "
12/22/2009," 1,840 "
12/23/2009," 1,852 "
12/24/2009," 1,870 "
12/25/2009,
12/28/2009," 1,878 "
12/29/2009," 1,872 "
12/30/2009," 1,879 "
12/31/2009," 1,860 "
1/1/2010,
1/4/2010," 1,887 "
1/5/2010," 1,888 "
1/6/2010," 1,878 "
1/7/2010," 1,877 "
1/8/2010," 1,893 "
1/11/2010," 1,886 "
1/12/2010," 1,862 "
1/13/2010," 1,886 "
1/14/2010," 1,887 "
1/15/2010," 1,865 "
1/18/2010,
1/19/2010," 1,895 "
1/20/2010," 1,868 "
1/21/2010," 1,851 "
1/22/2010," 1,795 "
1/25/2010," 1,802 "
1/26/2010," 1,804 "
1/27/2010," 1,819 "
1/28/2010," 1,771 "
1/29/2010," 1,741 "
2/1/2010," 1,761 "
2/2/2010," 1,777 "
2/3/2010," 1,785 "
2/4/2010," 1,733 "
2/5/2010," 1,746 "
2/8/2010," 1,735 "
2/9/2010," 1,754 "
2/10/2010," 1,750 "
2/11/2010," 1,776 "
2/12/2010," 1,779 "
2/15/2010,
2/16/2010," 1,802 "
2/17/2010," 1,811 "
2/18/2010," 1,823 "
2/19/2010," 1,823 "
2/22/2010," 1,818 "
2/23/2010," 1,794 "
2/24/2010," 1,813 "
2/25/2010," 1,813 "
2/26/2010," 1,819 "
3/1/2010," 1,846 "
3/2/2010," 1,851 "
3/3/2010," 1,852 "
3/4/2010," 1,860 "
3/5/2010," 1,889 "
3/8/2010," 1,891 "
3/9/2010," 1,901 "
3/10/2010," 1,917 "
3/11/2010," 1,924 "
3/12/2010," 1,924 "
3/15/2010," 1,920 "
3/16/2010," 1,932 "
3/17/2010," 1,936 "
3/18/2010," 1,944 "
3/19/2010," 1,932 "
3/22/2010," 1,950 "
3/23/2010," 1,963 "
3/24/2010," 1,952 "
3/25/2010," 1,949 "
3/26/2010," 1,953 "
3/29/2010," 1,961 "
3/30/2010," 1,968 "
3/31/2010," 1,958 "
4/1/2010," 1,960 "
4/2/2010,
4/5/2010," 1,978 "
4/6/2010," 1,982 "
4/7/2010," 1,977 "
4/8/2010," 1,981 "
4/9/2010," 1,994 "
4/12/2010," 1,996 "
4/13/2010," 2,004 "
4/14/2010," 2,029 "
4/15/2010," 2,039 "
4/16/2010," 2,013 "
4/19/2010," 2,014 "
4/20/2010," 2,024 "
4/21/2010," 2,035 "
4/22/2010," 2,045 "
4/23/2010," 2,055 "
4/26/2010," 2,049 "
4/27/2010," 2,006 "
4/28/2010," 2,008 "
4/29/2010," 2,043 "
4/30/2010," 2,001 "
5/3/2010," 2,032 "
5/4/2010," 1,969 "
5/5/2010," 1,958 "
5/6/2010," 1,903 "
5/7/2010," 1,849 "
5/10/2010," 1,943 "
5/11/2010," 1,940 "
5/12/2010," 1,976 "
5/13/2010," 1,946 "
5/14/2010," 1,907 "
5/17/2010," 1,915 "
5/18/2010," 1,887 "
5/19/2010," 1,873 "
5/20/2010," 1,800 "
5/21/2010," 1,823 "
5/24/2010," 1,815 "
5/25/2010," 1,816 "
5/26/2010," 1,796 "
5/27/2010," 1,863 "
5/28/2010," 1,852 "
5/31/2010,
6/1/2010," 1,835 "
6/2/2010," 1,880 "
6/3/2010," 1,896 "
6/4/2010," 1,832 "
6/7/2010," 1,798 "
6/8/2010," 1,796 "
6/9/2010," 1,779 "
6/10/2010," 1,830 "
6/11/2010," 1,847 "
6/14/2010," 1,845 "
6/15/2010," 1,897 "
6/16/2010," 1,905 "
6/17/2010," 1,911 "
6/18/2010," 1,913 "
6/21/2010," 1,896 "
6/22/2010," 1,881 "
6/23/2010," 1,874 "
6/24/2010," 1,845 "
6/25/2010," 1,839 "
6/28/2010," 1,836 "
6/29/2010," 1,764 "
6/30/2010," 1,739 "
7/1/2010," 1,734 "
7/2/2010," 1,728 "
7/5/2010,
7/6/2010," 1,735 "
7/7/2010," 1,790 "
7/8/2010," 1,798 "
7/9/2010," 1,815 "
7/12/2010," 1,821 "
7/13/2010," 1,845 "
7/14/2010," 1,853 "
7/15/2010," 1,856 "
7/16/2010," 1,803 "
7/19/2010," 1,819 "
7/20/2010," 1,841 "
7/21/2010," 1,817 "
7/22/2010," 1,863 "
7/23/2010," 1,875 "
7/26/2010," 1,890 "
7/27/2010," 1,889 "
7/28/2010," 1,873 "
7/29/2010," 1,860 "
7/30/2010," 1,864 "
8/2/2010," 1,899 "
8/3/2010," 1,892 "
8/4/2010," 1,909 "
8/5/2010," 1,905 "
8/6/2010," 1,903 "
8/9/2010," 1,915 "
8/10/2010," 1,899 "
8/11/2010," 1,845 "
8/12/2010," 1,832 "
8/13/2010," 1,819 "
8/16/2010," 1,822 "
8/17/2010," 1,845 "
8/18/2010," 1,851 "
8/19/2010," 1,823 "
8/20/2010," 1,826 "
8/23/2010," 1,808 "
8/24/2010," 1,775 "
8/25/2010," 1,791 "
8/26/2010," 1,769 "
8/27/2010," 1,792 "
8/30/2010," 1,772 "
8/31/2010," 1,767 "
9/1/2010," 1,820 "
9/2/2010," 1,841 "
9/3/2010," 1,870 "
9/6/2010,
9/7/2010," 1,857 "
9/8/2010," 1,880 "
9/9/2010," 1,886 "
9/10/2010," 1,892 "
9/13/2010," 1,922 "
9/14/2010," 1,929 "
9/15/2010," 1,940 "
9/16/2010," 1,948 "
9/17/2010," 1,956 "
9/20/2010," 1,989 "
9/21/2010," 1,989 "
9/22/2010," 1,983 "
9/23/2010," 1,982 "
9/24/2010," 2,024 "
9/27/2010," 2,011 "
9/28/2010," 2,012 "
9/29/2010," 2,009 "
9/30/2010," 1,998 "
10/1/2010," 1,997 "
10/4/2010," 1,975 "
10/5/2010," 2,025 "
10/6/2010," 2,007 "
10/7/2010," 2,012 "
10/8/2010," 2,027 "
10/11/2010," 2,027 "
10/12/2010," 2,042 "
10/13/2010," 2,057 "
10/14/2010," 2,055 "
10/15/2010," 2,098 "
10/18/2010," 2,104 "
10/19/2010," 2,070 "
10/20/2010," 2,086 "
10/21/2010," 2,090 "
10/22/2010," 2,104 "
10/25/2010," 2,114 "
10/26/2010," 2,119 "
10/27/2010," 2,126 "
10/28/2010," 2,130 "
10/29/2010," 2,124 "
11/1/2010," 2,128 "
11/2/2010," 2,152 "
11/3/2010," 2,158 "
11/4/2010," 2,188 "
11/5/2010," 2,187 "
11/8/2010," 2,189 "
11/9/2010," 2,177 "
11/10/2010," 2,188 "
11/11/2010," 2,173 "
11/12/2010," 2,138 "
11/15/2010," 2,131 "
11/16/2010," 2,094 "
11/17/2010," 2,100 "
11/18/2010," 2,135 "
11/19/2010," 2,135 "
11/22/2010," 2,151 "
11/23/2010," 2,117 "
11/24/2010," 2,161 "
11/25/2010,
11/26/2010," 2,154 "
11/29/2010," 2,145 "
11/30/2010," 2,117 "
12/1/2010," 2,163 "
12/2/2010," 2,185 "
12/3/2010," 2,191 "
12/6/2010," 2,190 "
12/7/2010," 2,189 "
12/8/2010," 2,201 "
12/9/2010," 2,202 "
12/10/2010," 2,215 "
12/13/2010," 2,207 "
12/14/2010," 2,213 "
12/15/2010," 2,202 "
12/16/2010," 2,218 "
12/17/2010," 2,218 "
12/20/2010," 2,223 "
12/21/2010," 2,235 "
12/22/2010," 2,236 "
12/23/2010," 2,230 "
12/24/2010,
12/27/2010," 2,230 "
12/28/2010," 2,227 "
12/29/2010," 2,232 "
12/30/2010," 2,226 "
12/31/2010," 2,218 "
1/3/2011," 2,254 "
1/4/2011," 2,251 "
1/5/2011," 2,270 "
1/6/2011," 2,278 "
1/7/2011," 2,277 "
1/10/2011," 2,284 "
1/11/2011," 2,289 "
1/12/2011," 2,305 "
1/13/2011," 2,306 "
1/14/2011," 2,323 "
1/17/2011,
1/18/2011," 2,329 "
1/19/2011," 2,303 "
1/20/2011," 2,286 "
1/21/2011," 2,268 "
1/24/2011," 2,300 "
1/25/2011," 2,304 "
1/26/2011," 2,314 "
1/27/2011," 2,330 "
1/28/2011," 2,271 "
1/31/2011," 2,282 "
2/1/2011," 2,325 "
2/2/2011," 2,321 "
2/3/2011," 2,323 "
2/4/2011," 2,338 "
2/7/2011," 2,349 "
2/8/2011," 2,364 "
2/9/2011," 2,361 "
2/10/2011," 2,364 "
2/11/2011," 2,379 "
2/14/2011," 2,386 "
2/15/2011," 2,382 "
2/16/2011," 2,398 "
2/17/2011," 2,398 "
2/18/2011," 2,392 "
2/21/2011,
2/22/2011," 2,323 "
2/23/2011," 2,301 "
2/24/2011," 2,313 "
2/25/2011," 2,346 "
2/28/2011," 2,351 "
3/1/2011," 2,315 "
3/2/2011," 2,327 "
3/3/2011," 2,372 "
3/4/2011," 2,360 "
3/7/2011," 2,328 "
3/8/2011," 2,338 "
3/9/2011," 2,323 "
3/10/2011," 2,284 "
3/11/2011," 2,299 "
3/14/2011," 2,291 "
3/15/2011," 2,260 "
3/16/2011," 2,203 "
3/17/2011," 2,225 "
3/18/2011," 2,221 "
3/21/2011," 2,263 "
3/22/2011," 2,258 "
3/23/2011," 2,271 "
3/24/2011," 2,312 "
3/25/2011," 2,316 "
3/28/2011," 2,303 "
3/29/2011," 2,326 "
3/30/2011," 2,337 "
3/31/2011," 2,339 "
4/1/2011," 2,343 "
4/4/2011," 2,335 "
4/5/2011," 2,328 "
4/6/2011," 2,332 "
4/7/2011," 2,333 "
4/8/2011," 2,321 "
4/11/2011," 2,315 "
4/12/2011," 2,298 "
4/13/2011," 2,317 "
4/14/2011," 2,311 "
4/15/2011," 2,308 "
4/18/2011," 2,292 "
4/19/2011," 2,307 "
4/20/2011," 2,358 "
4/21/2011," 2,377 "
4/22/2011,
4/25/2011," 2,384 "
4/26/2011," 2,396 "
4/27/2011," 2,414 "
4/28/2011," 2,410 "
4/29/2011," 2,404 "
5/2/2011," 2,404 "
5/3/2011," 2,393 "
5/4/2011," 2,388 "
5/5/2011," 2,375 "
5/6/2011," 2,383 "
5/9/2011," 2,391 "
5/10/2011," 2,411 "
5/11/2011," 2,393 "
5/12/2011," 2,408 "
5/13/2011," 2,379 "
5/16/2011," 2,338 "
5/17/2011," 2,344 "
5/18/2011," 2,363 "
5/19/2011," 2,370 "
5/20/2011," 2,351 "
5/23/2011," 2,317 "
5/24/2011," 2,304 "
5/25/2011," 2,311 "
5/26/2011," 2,326 "
5/27/2011," 2,336 "
5/30/2011,
5/31/2011," 2,373 "
6/1/2011," 2,322 "
6/2/2011," 2,327 "
6/3/2011," 2,292 "
6/6/2011," 2,274 "
6/7/2011," 2,269 "
6/8/2011," 2,253 "
6/9/2011," 2,257 "
6/10/2011," 2,221 "
6/13/2011," 2,222 "
6/14/2011," 2,250 "
6/15/2011," 2,209 "
6/16/2011," 2,200 "
6/17/2011," 2,193 "
6/20/2011," 2,204 "
6/21/2011," 2,252 "
6/22/2011," 2,236 "
6/23/2011," 2,255 "
6/24/2011," 2,217 "
6/27/2011," 2,252 "
6/28/2011," 2,286 "
6/29/2011," 2,294 "
6/30/2011," 2,325 "
7/1/2011," 2,361 "
7/4/2011,
7/5/2011," 2,371 "
7/6/2011," 2,379 "
7/7/2011," 2,413 "
7/8/2011," 2,406 "
7/11/2011," 2,362 "
7/12/2011," 2,344 "
7/13/2011," 2,352 "
7/14/2011," 2,325 "
7/15/2011," 2,357 "
7/18/2011," 2,344 "
7/19/2011," 2,398 "
7/20/2011," 2,388 "
7/21/2011," 2,404 "
7/22/2011," 2,430 "
7/25/2011," 2,424 "
7/26/2011," 2,429 "
7/27/2011," 2,367 "
7/28/2011," 2,372 "
7/29/2011," 2,363 "
8/1/2011," 2,354 "
8/2/2011," 2,293 "
8/3/2011," 2,313 "
8/4/2011," 2,207 "
8/5/2011," 2,194 "
8/8/2011," 2,060 "
8/9/2011," 2,161 "
8/10/2011," 2,073 "
8/11/2011," 2,167 "
8/12/2011," 2,182 "
8/15/2011," 2,214 "
8/16/2011," 2,194 "
8/17/2011," 2,182 "
8/18/2011," 2,073 "
8/19/2011," 2,038 "
8/22/2011," 2,045 "
8/23/2011," 2,129 "
8/24/2011," 2,145 "
8/25/2011," 2,108 "
8/26/2011," 2,162 "
8/29/2011," 2,224 "
8/30/2011," 2,238 "
8/31/2011," 2,241 "
9/1/2011," 2,219 "
9/2/2011," 2,168 "
9/5/2011,
9/6/2011," 2,168 "
9/7/2011," 2,224 "
9/8/2011," 2,214 "
9/9/2011," 2,164 "
9/12/2011," 2,192 "
9/13/2011," 2,221 "
9/14/2011," 2,253 "
9/15/2011," 2,287 "
9/16/2011," 2,306 "
9/19/2011," 2,309 "
9/20/2011," 2,296 "
9/21/2011," 2,258 "
9/22/2011," 2,185 "
9/23/2011," 2,207 "
9/26/2011," 2,234 "
9/27/2011," 2,254 "
9/28/2011," 2,221 "
9/29/2011," 2,198 "
9/30/2011," 2,139 "
10/3/2011," 2,085 "
10/4/2011," 2,129 "
10/5/2011," 2,183 "
10/6/2011," 2,218 "
10/7/2011," 2,203 "
10/10/2011," 2,279 "
10/11/2011," 2,295 "
10/12/2011," 2,307 "
10/13/2011," 2,327 "
10/14/2011," 2,372 "
10/17/2011," 2,334 "
10/18/2011," 2,365 "
10/19/2011," 2,317 "
10/20/2011," 2,306 "
10/21/2011," 2,336 "
10/24/2011," 2,384 "
10/25/2011," 2,336 "
10/26/2011," 2,335 "
10/27/2011," 2,400 "
10/28/2011," 2,401 "
10/31/2011," 2,360 "
11/1/2011," 2,298 "
11/2/2011," 2,318 "
11/3/2011," 2,368 "
11/4/2011," 2,356 "
11/7/2011," 2,371 "
11/8/2011," 2,400 "
11/9/2011," 2,314 "
11/10/2011," 2,312 "
11/11/2011," 2,356 "
11/14/2011," 2,341 "
11/15/2011," 2,366 "
11/16/2011," 2,324 "
11/17/2011," 2,272 "
11/18/2011," 2,254 "
11/21/2011," 2,211 "
11/22/2011," 2,216 "
11/23/2011," 2,167 "
11/24/2011,
11/25/2011," 2,151 "
11/28/2011," 2,224 "
11/29/2011," 2,211 "
11/30/2011," 2,295 "
12/1/2011," 2,309 "
12/2/2011," 2,302 "
12/5/2011," 2,327 "
12/6/2011," 2,321 "
12/7/2011," 2,321 "
12/8/2011," 2,283 "
12/9/2011," 2,319 "
12/12/2011," 2,292 "
12/13/2011," 2,268 "
12/14/2011," 2,233 "
12/15/2011," 2,227 "
12/16/2011," 2,238 "
12/19/2011," 2,215 "
12/20/2011," 2,282 "
12/21/2011," 2,249 "
12/22/2011," 2,267 "
12/23/2011," 2,288 "
12/26/2011,
12/27/2011," 2,293 "
12/28/2011," 2,267 "
12/29/2011," 2,285 "
12/30/2011," 2,278 "
1/2/2012,
1/3/2012," 2,322 "
1/4/2012," 2,330 "
1/5/2012," 2,349 "
1/6/2012," 2,356 "
1/9/2012," 2,351 "
1/10/2012," 2,367 "
1/11/2012," 2,372 "
1/12/2012," 2,382 "
1/13/2012," 2,372 "
1/16/2012,
1/17/2012," 2,393 "
1/18/2012," 2,426 "
1/19/2012," 2,442 "
1/20/2012," 2,437 "
1/23/2012," 2,437 "
1/24/2012," 2,434 "
1/25/2012," 2,466 "
1/26/2012," 2,455 "
1/27/2012," 2,462 "
1/30/2012," 2,465 "
1/31/2012," 2,468 "
2/1/2012," 2,488 "
2/2/2012," 2,496 "
2/3/2012," 2,529 "
2/6/2012," 2,528 "
2/7/2012," 2,532 "
2/8/2012," 2,546 "
2/9/2012," 2,564 "
2/10/2012," 2,547 "
2/13/2012," 2,569 "
2/14/2012," 2,575 "
2/15/2012," 2,556 "
2/16/2012," 2,592 "
2/17/2012," 2,584 "
2/20/2012,
2/21/2012," 2,590 "
2/22/2012," 2,580 "
2/23/2012," 2,595 "
2/24/2012," 2,604 "
2/27/2012," 2,607 "
2/28/2012," 2,633 "
2/29/2012," 2,623 "
3/1/2012," 2,644 "
3/2/2012," 2,642 "
3/5/2012," 2,615 "
3/6/2012," 2,589 "
3/7/2012," 2,608 "
3/8/2012," 2,637 "
3/9/2012," 2,647 "
3/12/2012," 2,647 "
3/13/2012," 2,697 "
3/14/2012," 2,708 "
3/15/2012," 2,715 "
3/16/2012," 2,713 "
3/19/2012," 2,733 "
3/20/2012," 2,738 "
3/21/2012," 2,737 "
3/22/2012," 2,732 "
3/23/2012," 2,729 "
3/26/2012," 2,778 "
3/27/2012," 2,782 "
3/28/2012," 2,771 "
3/29/2012," 2,762 "
3/30/2012," 2,755 "
4/2/2012," 2,784 "
4/3/2012," 2,783 "
4/4/2012," 2,745 "
4/5/2012," 2,763 "
4/6/2012,
4/9/2012," 2,740 "
4/10/2012," 2,695 "
4/11/2012," 2,708 "
4/12/2012," 2,740 "
4/13/2012," 2,699 "
4/16/2012," 2,670 "
4/17/2012," 2,724 "
4/18/2012," 2,716 "
4/19/2012," 2,687 "
4/20/2012," 2,676 "
4/23/2012," 2,654 "
4/24/2012," 2,639 "
4/25/2012," 2,710 "
4/26/2012," 2,725 "
4/27/2012," 2,741 "
4/30/2012," 2,724 "
5/1/2012," 2,727 "
5/2/2012," 2,735 "
5/3/2012," 2,705 "
5/4/2012," 2,638 "
5/7/2012," 2,639 "
5/8/2012," 2,630 "
5/9/2012," 2,621 "
5/10/2012," 2,616 "
5/11/2012," 2,616 "
5/14/2012," 2,590 "
5/15/2012," 2,581 "
5/16/2012," 2,562 "
5/17/2012," 2,509 "
5/18/2012," 2,479 "
5/21/2012," 2,545 "
5/22/2012," 2,539 "
5/23/2012," 2,547 "
5/24/2012," 2,531 "
5/25/2012," 2,527 "
5/28/2012,
5/29/2012," 2,559 "
5/30/2012," 2,537 "
5/31/2012," 2,525 "
6/1/2012," 2,459 "
6/4/2012," 2,478 "
6/5/2012," 2,488 "
6/6/2012," 2,546 "
6/7/2012," 2,535 "
6/8/2012," 2,559 "
6/11/2012," 2,517 "
6/12/2012," 2,546 "
6/13/2012," 2,527 "
6/14/2012," 2,540 "
6/15/2012," 2,571 "
6/18/2012," 2,593 "
6/19/2012," 2,621 "
6/20/2012," 2,623 "
6/21/2012," 2,557 "
6/22/2012," 2,586 "
6/25/2012," 2,534 "
6/26/2012," 2,550 "
6/27/2012," 2,566 "
6/28/2012," 2,537 "
6/29/2012," 2,616 "
7/2/2012," 2,625 "
7/3/2012," 2,646 "
7/4/2012,
7/5/2012," 2,647 "
7/6/2012," 2,612 "
7/9/2012," 2,610 "
7/10/2012," 2,586 "
7/11/2012," 2,571 "
7/12/2012," 2,545 "
7/13/2012," 2,585 "
7/16/2012," 2,577 "
7/17/2012," 2,592 "
7/18/2012," 2,626 "
7/19/2012," 2,656 "
7/20/2012," 2,618 "
7/23/2012," 2,590 "
7/24/2012," 2,567 "
7/25/2012," 2,549 "
7/26/2012," 2,585 "
7/27/2012," 2,647 "
7/30/2012," 2,642 "
7/31/2012," 2,643 "
8/1/2012," 2,635 "
8/2/2012," 2,626 "
8/3/2012," 2,676 "
8/6/2012," 2,694 "
8/7/2012," 2,717 "
8/8/2012," 2,714 "
8/9/2012," 2,720 "
8/10/2012," 2,723 "
8/13/2012," 2,729 "
8/14/2012," 2,728 "
8/15/2012," 2,735 "
8/16/2012," 2,768 "
8/17/2012," 2,780 "
8/20/2012," 2,784 "
8/21/2012," 2,772 "
8/22/2012," 2,783 "
8/23/2012," 2,762 "
8/24/2012," 2,778 "
8/27/2012," 2,783 "
8/28/2012," 2,783 "
8/29/2012," 2,784 "
8/30/2012," 2,754 "
8/31/2012," 2,772 "
9/3/2012,
9/4/2012," 2,772 "
9/5/2012," 2,767 "
9/6/2012," 2,830 "
9/7/2012," 2,825 "
9/10/2012," 2,788 "
9/11/2012," 2,785 "
9/12/2012," 2,792 "
9/13/2012," 2,831 "
9/14/2012," 2,855 "
9/17/2012," 2,856 "
9/18/2012," 2,857 "
9/19/2012," 2,864 "
9/20/2012," 2,862 "
9/21/2012," 2,862 "
9/24/2012," 2,844 "
9/25/2012," 2,805 "
9/26/2012," 2,782 "
9/27/2012," 2,822 "
9/28/2012," 2,799 "
10/1/2012," 2,794 "
10/2/2012," 2,799 "
10/3/2012," 2,819 "
10/4/2012," 2,829 "
10/5/2012," 2,812 "
10/8/2012," 2,787 "
10/9/2012," 2,742 "
10/10/2012," 2,729 "
10/11/2012," 2,719 "
10/12/2012," 2,720 "
10/15/2012," 2,740 "
10/16/2012," 2,778 "
10/17/2012," 2,776 "
10/18/2012," 2,744 "
10/19/2012," 2,678 "
10/22/2012," 2,695 "
10/23/2012," 2,666 "
10/24/2012," 2,656 "
10/25/2012," 2,658 "
10/26/2012," 2,666 "
10/29/2012,
10/30/2012,
10/31/2012," 2,648 "
11/1/2012," 2,688 "
11/2/2012," 2,656 "
11/5/2012," 2,673 "
11/6/2012," 2,681 "
11/7/2012," 2,613 "
11/8/2012," 2,573 "
11/9/2012," 2,584 "
11/12/2012," 2,583 "
11/13/2012," 2,562 "
11/14/2012," 2,532 "
11/15/2012," 2,524 "
11/16/2012," 2,534 "
11/19/2012," 2,596 "
11/20/2012," 2,595 "
11/21/2012," 2,600 "
11/22/2012,
11/23/2012," 2,640 "
11/26/2012," 2,652 "
11/27/2012," 2,641 "
11/28/2012," 2,665 "
11/29/2012," 2,680 "
11/30/2012," 2,678 "
12/3/2012," 2,672 "
12/4/2012," 2,668 "
12/5/2012," 2,638 "
12/6/2012," 2,656 "
12/7/2012," 2,641 "
12/10/2012," 2,648 "
12/11/2012," 2,682 "
12/12/2012," 2,675 "
12/13/2012," 2,654 "
12/14/2012," 2,628 "
12/17/2012," 2,664 "
12/18/2012," 2,705 "
12/19/2012," 2,691 "
12/20/2012," 2,694 "
12/21/2012," 2,665 "
12/24/2012," 2,658 "
12/25/2012,
12/26/2012," 2,637 "
12/27/2012," 2,633 "
12/28/2012," 2,606 "
12/31/2012," 2,661 "
1/1/2013,
1/2/2013," 2,746 "
1/3/2013," 2,732 "
1/4/2013," 2,724 "
1/7/2013," 2,724 "
1/8/2013," 2,719 "
1/9/2013," 2,728 "
1/10/2013," 2,744 "
1/11/2013," 2,748 "
1/14/2013," 2,736 "
1/15/2013," 2,723 "
1/16/2013," 2,735 "
1/17/2013," 2,747 "
1/18/2013," 2,743 "
1/21/2013,
1/22/2013," 2,746 "
1/23/2013," 2,762 "
1/24/2013," 2,724 "
1/25/2013," 2,737 "
1/28/2013," 2,742 "
1/29/2013," 2,744 "
1/30/2013," 2,739 "
1/31/2013," 2,732 "
2/1/2013," 2,764 "
2/4/2013," 2,716 "
2/5/2013," 2,755 "
2/6/2013," 2,746 "
2/7/2013," 2,747 "
2/8/2013," 2,776 "
2/11/2013," 2,775 "
2/12/2013," 2,763 "
2/13/2013," 2,774 "
2/14/2013," 2,771 "
2/15/2013," 2,765 "
2/18/2013,
2/19/2013," 2,783 "
2/20/2013," 2,740 "
2/21/2013," 2,712 "
2/22/2013," 2,737 "
2/25/2013," 2,701 "
2/26/2013," 2,713 "
2/27/2013," 2,741 "
2/28/2013," 2,739 "
3/1/2013," 2,748 "
3/4/2013," 2,760 "
3/5/2013," 2,799 "
3/6/2013," 2,793 "
3/7/2013," 2,799 "
3/8/2013," 2,804 "
3/11/2013," 2,812 "
3/12/2013," 2,801 "
3/13/2013," 2,799 "
3/14/2013," 2,807 "
3/15/2013," 2,799 "
3/18/2013," 2,792 "
3/19/2013," 2,787 "
3/20/2013," 2,806 "
3/21/2013," 2,775 "
3/22/2013," 2,801 "
3/25/2013," 2,789 "
3/26/2013," 2,807 "
3/27/2013," 2,810 "
3/28/2013," 2,819 "
3/29/2013,
4/1/2013," 2,797 "
4/2/2013," 2,821 "
4/3/2013," 2,795 "
4/4/2013," 2,795 "
4/5/2013," 2,772 "
4/8/2013," 2,786 "
4/9/2013," 2,805 "
4/10/2013," 2,859 "
4/11/2013," 2,859 "
4/12/2013," 2,856 "
4/15/2013," 2,797 "
4/16/2013," 2,838 "
4/17/2013," 2,782 "
4/18/2013," 2,742 "
4/19/2013," 2,780 "
4/22/2013," 2,810 "
4/23/2013," 2,835 "
4/24/2013," 2,834 "
4/25/2013," 2,849 "
4/26/2013," 2,841 "
4/29/2013," 2,867 "
4/30/2013," 2,887 "
5/1/2013," 2,873 "
5/2/2013," 2,911 "
5/3/2013," 2,945 "
5/6/2013," 2,955 "
5/7/2013," 2,953 "
5/8/2013," 2,968 "
5/9/2013," 2,961 "
5/10/2013," 2,981 "
5/13/2013," 2,982 "
5/14/2013," 2,996 "
5/15/2013," 3,003 "
5/16/2013," 2,999 "
5/17/2013," 3,029 "
5/20/2013," 3,021 "
5/21/2013," 3,026 "
5/22/2013," 2,999 "
5/23/2013," 2,991 "
5/24/2013," 2,991 "
5/27/2013,
5/28/2013," 3,012 "
5/29/2013," 2,995 "
5/30/2013," 3,012 "
5/31/2013," 2,982 "
6/3/2013," 2,991 "
6/4/2013," 2,974 "
6/5/2013," 2,937 "
6/6/2013," 2,950 "
6/7/2013," 2,991 "
6/10/2013," 2,990 "
6/11/2013," 2,960 "
6/12/2013," 2,926 "
6/13/2013," 2,963 "
6/14/2013," 2,944 "
6/17/2013," 2,971 "
6/18/2013," 2,996 "
6/19/2013," 2,960 "
6/20/2013," 2,890 "
6/21/2013," 2,878 "
6/24/2013," 2,848 "
6/25/2013," 2,867 "
6/26/2013," 2,894 "
6/27/2013," 2,907 "
6/28/2013," 2,910 "
7/1/2013," 2,927 "
7/2/2013," 2,930 "
7/3/2013," 2,941 "
7/4/2013,
7/5/2013," 2,963 "
7/8/2013," 2,966 "
7/9/2013," 2,984 "
7/10/2013," 3,001 "
7/11/2013," 3,059 "
7/12/2013," 3,079 "
7/15/2013," 3,080 "
7/16/2013," 3,077 "
7/17/2013," 3,085 "
7/18/2013," 3,078 "
7/19/2013," 3,045 "
7/22/2013," 3,055 "
7/23/2013," 3,031 "
7/24/2013," 3,041 "
7/25/2013," 3,062 "
7/26/2013," 3,076 "
7/29/2013," 3,069 "
7/30/2013," 3,085 "
7/31/2013," 3,090 "
8/1/2013," 3,126 "
8/2/2013," 3,144 "
8/5/2013," 3,143 "
8/6/2013," 3,122 "
8/7/2013," 3,119 "
8/8/2013," 3,130 "
8/9/2013," 3,119 "
8/12/2013," 3,126 "
8/13/2013," 3,141 "
8/14/2013," 3,129 "
8/15/2013," 3,076 "
8/16/2013," 3,074 "
8/19/2013," 3,070 "
8/20/2013," 3,082 "
8/21/2013," 3,071 "
8/22/2013," 3,102 "
8/23/2013," 3,124 "
8/26/2013," 3,123 "
8/27/2013," 3,060 "
8/28/2013," 3,072 "
8/29/2013," 3,093 "
8/30/2013," 3,074 "
9/2/2013,
9/3/2013," 3,092 "
9/4/2013," 3,125 "
9/5/2013," 3,130 "
9/6/2013," 3,133 "
9/9/2013," 3,170 "
9/10/2013," 3,185 "
9/11/2013," 3,180 "
9/12/2013," 3,176 "
9/13/2013," 3,178 "
9/16/2013," 3,169 "
9/17/2013," 3,191 "
9/18/2013," 3,231 "
9/19/2013," 3,238 "
9/20/2013," 3,225 "
9/23/2013," 3,219 "
9/24/2013," 3,219 "
9/25/2013," 3,209 "
9/26/2013," 3,234 "
9/27/2013," 3,230 "
9/30/2013," 3,218 "
10/1/2013," 3,253 "
10/2/2013," 3,253 "
10/3/2013," 3,214 "
10/4/2013," 3,243 "
10/7/2013," 3,216 "
10/8/2013," 3,154 "
10/9/2013," 3,143 "
10/10/2013," 3,211 "
10/11/2013," 3,234 "
10/14/2013," 3,256 "
10/15/2013," 3,245 "
10/16/2013," 3,282 "
10/17/2013," 3,301 "
10/18/2013," 3,354 "
10/21/2013," 3,361 "
10/22/2013," 3,367 "
10/23/2013," 3,346 "
10/24/2013," 3,362 "
10/25/2013," 3,384 "
10/28/2013," 3,383 "
10/29/2013," 3,392 "
10/30/2013," 3,385 "
10/31/2013," 3,378 "
11/1/2013," 3,380 "
11/4/2013," 3,385 "
11/5/2013," 3,389 "
11/6/2013," 3,385 "
11/7/2013," 3,321 "
11/8/2013," 3,367 "
11/11/2013," 3,363 "
11/12/2013," 3,365 "
11/13/2013," 3,406 "
11/14/2013," 3,415 "
11/15/2013," 3,423 "
11/18/2013," 3,389 "
11/19/2013," 3,378 "
11/20/2013," 3,367 "
11/21/2013," 3,403 "
11/22/2013," 3,422 "
11/25/2013," 3,427 "
11/26/2013," 3,446 "
11/27/2013," 3,470 "
11/28/2013,
11/29/2013," 3,488 "
12/2/2013," 3,481 "
12/3/2013," 3,479 "
12/4/2013," 3,483 "
12/5/2013," 3,478 "
12/6/2013," 3,504 "
12/9/2013," 3,516 "
12/10/2013," 3,514 "
12/11/2013," 3,469 "
12/12/2013," 3,460 "
12/13/2013," 3,456 "
12/16/2013," 3,476 "
12/17/2013," 3,469 "
12/18/2013," 3,510 "
12/19/2013," 3,499 "
12/20/2013," 3,531 "
12/23/2013," 3,569 "
12/24/2013," 3,573 "
12/25/2013,
12/26/2013," 3,585 "
12/27/2013," 3,574 "
12/30/2013," 3,570 "
12/31/2013," 3,592 "
1/1/2014,
1/2/2014," 3,564 "
1/3/2014," 3,539 "
1/6/2014," 3,527 "
1/7/2014," 3,558 "
1/8/2014," 3,568 "
1/9/2014," 3,553 "
1/10/2014," 3,565 "
1/13/2014," 3,513 "
1/14/2014," 3,581 "
1/15/2014," 3,610 "
1/16/2014," 3,611 "
1/17/2014," 3,591 "
1/20/2014,
1/21/2014," 3,618 "
1/22/2014," 3,628 "
1/23/2014," 3,614 "
1/24/2014," 3,541 "
1/27/2014," 3,509 "
1/28/2014," 3,506 "
1/29/2014," 3,468 "
1/30/2014," 3,532 "
1/31/2014," 3,522 "
2/3/2014," 3,441 "
2/4/2014," 3,470 "
2/5/2014," 3,455 "
2/6/2014," 3,498 "
2/7/2014," 3,562 "
2/10/2014," 3,582 "
2/11/2014," 3,622 "
2/12/2014," 3,627 "
2/13/2014," 3,660 "
2/14/2014," 3,664 "
2/17/2014,
2/18/2014," 3,679 "
2/19/2014," 3,653 "
2/20/2014," 3,672 "
2/21/2014," 3,663 "
2/24/2014," 3,686 "
2/25/2014," 3,679 "
2/26/2014," 3,677 "
2/27/2014," 3,700 "
2/28/2014," 3,696 "
3/3/2014," 3,668 "
3/4/2014," 3,720 "
3/5/2014," 3,727 "
3/6/2014," 3,721 "
3/7/2014," 3,703 "
3/10/2014," 3,706 "
3/11/2014," 3,692 "
3/12/2014," 3,707 "
3/13/2014," 3,651 "
3/14/2014," 3,628 "
3/17/2014," 3,663 "
3/18/2014," 3,707 "
3/19/2014," 3,683 "
3/20/2014," 3,694 "
3/21/2014," 3,653 "
3/24/2014," 3,617 "
3/25/2014," 3,630 "
3/26/2014," 3,583 "
3/27/2014," 3,563 "
3/28/2014," 3,571 "
3/31/2014," 3,596 "
4/1/2014," 3,658 "
4/2/2014," 3,666 "
4/3/2014," 3,638 "
4/4/2014," 3,539 "
4/7/2014," 3,508 "
4/8/2014," 3,538 "
4/9/2014," 3,600 "
4/10/2014," 3,488 "
4/11/2014," 3,447 "
4/14/2014," 3,475 "
4/15/2014," 3,488 "
4/16/2014," 3,533 "
4/17/2014," 3,535 "
4/18/2014,
4/21/2014," 3,560 "
4/22/2014," 3,589 "
4/23/2014," 3,557 "
4/24/2014," 3,591 "
4/25/2014," 3,533 "
4/28/2014," 3,545 "
4/29/2014," 3,574 "
4/30/2014," 3,582 "
5/1/2014," 3,594 "
5/2/2014," 3,588 "
5/5/2014," 3,605 "
5/6/2014," 3,557 "
5/7/2014," 3,546 "
5/8/2014," 3,540 "
5/9/2014," 3,556 "
5/12/2014," 3,613 "
5/13/2014," 3,611 "
5/14/2014," 3,593 "
5/15/2014," 3,565 "
5/16/2014," 3,587 "
5/19/2014," 3,616 "
5/20/2014," 3,600 "
5/21/2014," 3,636 "
5/22/2014," 3,651 "
5/23/2014," 3,677 "
5/26/2014,
5/27/2014," 3,723 "
5/28/2014," 3,712 "
5/29/2014," 3,736 "
5/30/2014," 3,737 "
6/2/2014," 3,733 "
6/3/2014," 3,730 "
6/4/2014," 3,744 "
6/5/2014," 3,777 "
6/6/2014," 3,795 "
6/9/2014," 3,796 "
6/10/2014," 3,801 "
6/11/2014," 3,798 "
6/12/2014," 3,764 "
6/13/2014," 3,776 "
6/16/2014," 3,780 "
6/17/2014," 3,781 "
6/18/2014," 3,805 "
6/19/2014," 3,801 "
6/20/2014," 3,803 "
6/23/2014," 3,805 "
6/24/2014," 3,800 "
6/25/2014," 3,827 "
6/26/2014," 3,827 "
6/27/2014," 3,844 "
6/30/2014," 3,849 "
7/1/2014," 3,894 "
7/2/2014," 3,899 "
7/3/2014," 3,923 "
7/4/2014,
7/7/2014," 3,911 "
7/8/2014," 3,864 "
7/9/2014," 3,893 "
7/10/2014," 3,880 "
7/11/2014," 3,905 "
7/14/2014," 3,929 "
7/15/2014," 3,914 "
7/16/2014," 3,932 "
7/17/2014," 3,878 "
7/18/2014," 3,940 "
7/21/2014," 3,934 "
7/22/2014," 3,962 "
7/23/2014," 3,986 "
7/24/2014," 3,983 "
7/25/2014," 3,965 "
7/28/2014," 3,967 "
7/29/2014," 3,959 "
7/30/2014," 3,976 "
7/31/2014," 3,893 "
8/1/2014," 3,880 "
8/4/2014," 3,909 "
8/5/2014," 3,875 "
8/6/2014," 3,874 "
8/7/2014," 3,858 "
8/8/2014," 3,888 "
8/11/2014," 3,910 "
8/12/2014," 3,905 "
8/13/2014," 3,949 "
8/14/2014," 3,969 "
8/15/2014," 3,988 "
8/18/2014," 4,021 "
8/19/2014," 4,040 "
8/20/2014," 4,041 "
8/21/2014," 4,047 "
8/22/2014," 4,053 "
8/25/2014," 4,067 "
8/26/2014," 4,072 "
8/27/2014," 4,073 "
8/28/2014," 4,066 "
8/29/2014," 4,083 "
9/1/2014,
9/2/2014," 4,096 "
9/3/2014," 4,071 "
9/4/2014," 4,066 "
9/5/2014," 4,090 "
9/8/2014," 4,095 "
9/9/2014," 4,062 "
9/10/2014," 4,095 "
9/11/2014," 4,093 "
9/12/2014," 4,069 "
9/15/2014," 4,030 "
9/16/2014," 4,067 "
9/17/2014," 4,074 "
9/18/2014," 4,103 "
9/19/2014," 4,100 "
9/22/2014," 4,061 "
9/23/2014," 4,052 "
9/24/2014," 4,094 "
9/25/2014," 4,008 "
9/26/2014," 4,054 "
9/29/2014," 4,047 "
9/30/2014," 4,049 "
10/1/2014," 3,985 "
10/2/2014," 3,986 "
10/3/2014," 4,027 "
10/6/2014," 4,016 "
10/7/2014," 3,959 "
10/8/2014," 4,041 "
10/9/2014," 3,969 "
10/10/2014," 3,871 "
10/13/2014," 3,808 "
10/14/2014," 3,810 "
10/15/2014," 3,786 "
10/16/2014," 3,765 "
10/17/2014," 3,815 "
10/20/2014," 3,870 "
10/21/2014," 3,971 "
10/22/2014," 3,950 "
10/23/2014," 4,012 "
10/24/2014," 4,042 "
10/27/2014," 4,046 "
10/28/2014," 4,107 "
10/29/2014," 4,091 "
10/30/2014," 4,101 "
10/31/2014," 4,158 "
11/3/2014," 4,169 "
11/4/2014," 4,156 "
11/5/2014," 4,153 "
11/6/2014," 4,164 "
11/7/2014," 4,161 "
11/10/2014," 4,176 "
11/11/2014," 4,187 "
11/12/2014," 4,195 "
11/13/2014," 4,213 "
11/14/2014," 4,225 "
11/17/2014," 4,214 "
11/18/2014," 4,242 "
11/19/2014," 4,223 "
11/20/2014," 4,242 "
11/21/2014," 4,251 "
11/24/2014," 4,284 "
11/25/2014," 4,288 "
11/26/2014," 4,318 "
11/27/2014,
11/28/2014," 4,338 "
12/1/2014," 4,288 "
12/2/2014," 4,306 "
12/3/2014," 4,313 "
12/4/2014," 4,312 "
12/5/2014," 4,312 "
12/8/2014," 4,278 "
12/9/2014," 4,295 "
12/10/2014," 4,225 "
12/11/2014," 4,246 "
12/12/2014," 4,199 "
12/15/2014," 4,157 "
12/16/2014," 4,090 "
12/17/2014," 4,165 "
12/18/2014," 4,268 "
12/19/2014," 4,282 "
12/22/2014," 4,294 "
12/23/2014," 4,279 "
12/24/2014," 4,283 "
12/25/2014,
12/26/2014," 4,314 "
12/29/2014," 4,313 "
12/30/2014," 4,282 "
12/31/2014," 4,236 "
1/1/2015,
1/2/2015," 4,230 "
1/5/2015," 4,161 "
1/6/2015," 4,111 "
1/7/2015," 4,160 "
1/8/2015," 4,241 "
1/9/2015," 4,213 "
1/12/2015," 4,170 "
1/13/2015," 4,166 "
1/14/2015," 4,146 "
1/15/2015," 4,090 "
1/16/2015," 4,142 "
1/19/2015,
1/20/2015," 4,171 "
1/21/2015," 4,192 "
1/22/2015," 4,270 "
1/23/2015," 4,278 "
1/26/2015," 4,276 "
1/27/2015," 4,166 "
1/28/2015," 4,140 "
1/29/2015," 4,181 "
1/30/2015," 4,148 "
2/2/2015," 4,189 "
2/3/2015," 4,229 "
2/4/2015," 4,221 "
2/5/2015," 4,256 "
2/6/2015," 4,229 "
2/9/2015," 4,216 "
2/10/2015," 4,281 "
2/11/2015," 4,296 "
2/12/2015," 4,348 "
2/13/2015," 4,384 "
2/16/2015,
2/17/2015," 4,385 "
2/18/2015," 4,391 "
2/19/2015," 4,412 "
2/20/2015," 4,443 "
2/23/2015," 4,449 "
2/24/2015," 4,451 "
2/25/2015," 4,441 "
2/26/2015," 4,462 "
2/27/2015," 4,441 "
3/2/2015," 4,483 "
3/3/2015," 4,459 "
3/4/2015," 4,445 "
3/5/2015," 4,452 "
3/6/2015," 4,399 "
3/9/2015," 4,413 "
3/10/2015," 4,329 "
3/11/2015," 4,305 "
3/12/2015," 4,336 "
3/13/2015," 4,315 "
3/16/2015," 4,370 "
3/17/2015," 4,376 "
3/18/2015," 4,423 "
3/19/2015," 4,427 "
3/20/2015," 4,459 "
3/23/2015," 4,446 "
3/24/2015," 4,431 "
3/25/2015," 4,329 "
3/26/2015," 4,315 "
3/27/2015," 4,333 "
3/30/2015," 4,383 "
3/31/2015," 4,334 "
4/1/2015," 4,311 "
4/2/2015," 4,316 "
4/3/2015,
4/6/2015," 4,351 "
4/7/2015," 4,344 "
4/8/2015," 4,376 "
4/9/2015," 4,404 "
4/10/2015," 4,422 "
4/13/2015," 4,409 "
4/14/2015," 4,398 "
4/15/2015," 4,425 "
4/16/2015," 4,419 "
4/17/2015," 4,352 "
4/20/2015," 4,417 "
4/21/2015," 4,436 "
4/22/2015," 4,461 "
4/23/2015," 4,477 "
4/24/2015," 4,537 "
4/27/2015," 4,525 "
4/28/2015," 4,515 "
4/29/2015," 4,488 "
4/30/2015," 4,414 "
5/1/2015," 4,479 "
5/4/2015," 4,483 "
5/5/2015," 4,409 "
5/6/2015," 4,380 "
5/7/2015," 4,402 "
5/8/2015," 4,459 "
5/11/2015," 4,439 "
5/12/2015," 4,421 "
5/13/2015," 4,427 "
5/14/2015," 4,495 "
5/15/2015," 4,494 "
5/18/2015," 4,513 "
5/19/2015," 4,504 "
5/20/2015," 4,505 "
5/21/2015," 4,529 "
5/22/2015," 4,527 "
5/25/2015,
5/26/2015," 4,473 "
5/27/2015," 4,546 "
5/28/2015," 4,536 "
5/29/2015," 4,508 "
6/1/2015," 4,522 "
6/2/2015," 4,509 "
6/3/2015," 4,520 "
6/4/2015," 4,487 "
6/5/2015," 4,477 "
6/8/2015," 4,432 "
6/9/2015," 4,428 "
6/10/2015," 4,485 "
6/11/2015," 4,488 "
6/12/2015," 4,454 "
6/15/2015," 4,433 "
6/16/2015," 4,456 "
6/17/2015," 4,469 "
6/18/2015," 4,532 "
6/19/2015," 4,513 "
6/22/2015," 4,544 "
6/23/2015," 4,549 "
6/24/2015," 4,525 "
6/25/2015," 4,514 "
6/26/2015," 4,484 "
6/29/2015," 4,380 "
6/30/2015," 4,397 "
7/1/2015," 4,429 "
7/2/2015," 4,433 "
7/3/2015,
7/6/2015," 4,419 "
7/7/2015," 4,429 "
7/8/2015," 4,352 "
7/9/2015," 4,352 "
7/10/2015," 4,420 "
7/13/2015," 4,494 "
7/14/2015," 4,523 "
7/15/2015," 4,528 "
7/16/2015," 4,595 "
7/17/2015," 4,662 "
7/20/2015," 4,680 "
7/21/2015," 4,674 "
7/22/2015," 4,623 "
7/23/2015," 4,603 "
7/24/2015," 4,557 "
7/27/2015," 4,519 "
7/28/2015," 4,560 "
7/29/2015," 4,582 "
7/30/2015," 4,599 "
7/31/2015," 4,589 "
8/3/2015," 4,580 "
8/4/2015," 4,567 "
8/5/2015," 4,602 "
8/6/2015," 4,529 "
8/7/2015," 4,520 "
8/10/2015," 4,573 "
8/11/2015," 4,514 "
8/12/2015," 4,528 "
8/13/2015," 4,519 "
8/14/2015," 4,531 "
8/17/2015," 4,566 "
8/18/2015," 4,542 "
8/19/2015," 4,511 "
8/20/2015," 4,385 "
8/21/2015," 4,197 "
8/24/2015," 4,039 "
8/25/2015," 4,016 "
8/26/2015," 4,220 "
8/27/2015," 4,325 "
8/28/2015," 4,329 "
8/31/2015," 4,275 "
9/1/2015," 4,143 "
9/2/2015," 4,256 "
9/3/2015," 4,235 "
9/4/2015," 4,185 "
9/7/2015,
9/8/2015," 4,304 "
9/9/2015," 4,253 "
9/10/2015," 4,296 "
9/11/2015," 4,323 "
9/14/2015," 4,309 "
9/15/2015," 4,360 "
9/16/2015," 4,384 "
9/17/2015," 4,385 "
9/18/2015," 4,324 "
9/21/2015," 4,336 "
9/22/2015," 4,274 "
9/23/2015," 4,274 "
9/24/2015," 4,261 "
9/25/2015," 4,225 "
9/28/2015," 4,103 "
9/29/2015," 4,083 "
9/30/2015," 4,181 "
10/1/2015," 4,193 "
10/2/2015," 4,267 "
10/5/2015," 4,331 "
10/6/2015," 4,307 "
10/7/2015," 4,333 "
10/8/2015," 4,350 "
10/9/2015," 4,370 "
10/12/2015," 4,383 "
10/13/2015," 4,353 "
10/14/2015," 4,347 "
10/15/2015," 4,418 "
10/16/2015," 4,439 "
10/19/2015," 4,462 "
10/20/2015," 4,438 "
10/21/2015," 4,414 "
10/22/2015," 4,503 "
10/23/2015," 4,624 "
10/26/2015," 4,631 "
10/27/2015," 4,639 "
10/28/2015," 4,679 "
10/29/2015," 4,671 "
10/30/2015," 4,649 "
11/2/2015," 4,704 "
11/3/2015," 4,719 "
11/4/2015," 4,718 "
11/5/2015," 4,703 "
11/6/2015," 4,707 "
11/9/2015," 4,656 "
11/10/2015," 4,642 "
11/11/2015," 4,637 "
11/12/2015," 4,589 "
11/13/2015," 4,502 "
11/16/2015," 4,565 "
11/17/2015," 4,566 "
11/18/2015," 4,653 "
11/19/2015," 4,655 "
11/20/2015," 4,686 "
11/23/2015," 4,675 "
11/24/2015," 4,669 "
11/25/2015," 4,673 "
11/26/2015,
11/27/2015," 4,680 "
11/30/2015," 4,665 "
12/1/2015," 4,716 "
12/2/2015," 4,686 "
12/3/2015," 4,607 "
12/4/2015," 4,716 "
12/7/2015," 4,694 "
12/8/2015," 4,695 "
12/9/2015," 4,622 "
12/10/2015," 4,643 "
12/11/2015," 4,538 "
12/14/2015," 4,570 "
12/15/2015," 4,597 "
12/16/2015," 4,665 "
12/17/2015," 4,598 "
12/18/2015," 4,515 "
12/21/2015," 4,561 "
12/22/2015," 4,589 "
12/23/2015," 4,625 "
12/24/2015," 4,623 "
12/25/2015,
12/28/2015," 4,621 "
12/29/2015," 4,691 "
12/30/2015," 4,652 "
12/31/2015," 4,593 "
1/1/2016,
1/4/2016," 4,498 "
1/5/2016," 4,484 "
1/6/2016," 4,444 "
1/7/2016," 4,306 "
1/8/2016," 4,271 "
1/11/2016," 4,284 "
1/12/2016," 4,334 "
1/13/2016," 4,183 "
1/14/2016," 4,273 "
1/15/2016," 4,141 "
1/18/2016,
1/19/2016," 4,147 "
1/20/2016," 4,136 "
1/21/2016," 4,143 "
1/22/2016," 4,260 "
1/25/2016," 4,197 "
1/26/2016," 4,234 "
1/27/2016," 4,129 "
1/28/2016," 4,186 "
1/29/2016," 4,279 "
2/1/2016," 4,287 "
2/2/2016," 4,193 "
2/3/2016," 4,172 "
2/4/2016," 4,168 "
2/5/2016," 4,024 "
2/8/2016," 3,961 "
2/9/2016," 3,948 "
2/10/2016," 3,966 "
2/11/2016," 3,962 "
2/12/2016," 4,019 "
2/15/2016,
2/16/2016," 4,104 "
2/17/2016," 4,199 "
2/18/2016," 4,151 "
2/19/2016," 4,164 "
2/22/2016," 4,231 "
2/23/2016," 4,163 "
2/24/2016," 4,201 "
2/25/2016," 4,241 "
2/26/2016," 4,236 "
2/29/2016," 4,201 "
3/1/2016," 4,334 "
3/2/2016," 4,334 "
3/3/2016," 4,326 "
3/4/2016," 4,329 "
3/7/2016," 4,303 "
3/8/2016," 4,266 "
3/9/2016," 4,293 "
3/10/2016," 4,287 "
3/11/2016," 4,362 "
3/14/2016," 4,367 "
3/15/2016," 4,367 "
3/16/2016," 4,404 "
3/17/2016," 4,400 "
3/18/2016," 4,411 "
3/21/2016," 4,427 "
3/22/2016," 4,438 "
3/23/2016," 4,403 "
3/24/2016," 4,406 "
3/25/2016,
3/28/2016," 4,398 "
3/29/2016," 4,468 "
3/30/2016," 4,491 "
3/31/2016," 4,484 "
4/1/2016," 4,532 "
4/4/2016," 4,512 "
4/5/2016," 4,471 "
4/6/2016," 4,544 "
4/7/2016," 4,475 "
4/8/2016," 4,475 "
4/11/2016," 4,459 "
4/12/2016," 4,496 "
4/13/2016," 4,555 "
4/14/2016," 4,555 "
4/15/2016," 4,543 "
4/18/2016," 4,569 "
4/19/2016," 4,537 "
4/20/2016," 4,540 "
4/21/2016," 4,541 "
4/22/2016," 4,474 "
4/25/2016," 4,474 "
4/26/2016," 4,453 "
4/27/2016," 4,417 "
4/28/2016," 4,364 "
4/29/2016," 4,341 "
5/2/2016," 4,381 "
5/3/2016," 4,341 "
5/4/2016," 4,312 "
5/5/2016," 4,309 "
5/6/2016," 4,330 "
5/9/2016," 4,341 "
5/10/2016," 4,402 "
5/11/2016," 4,361 "
5/12/2016," 4,343 "
5/13/2016," 4,327 "
5/16/2016," 4,380 "
5/17/2016," 4,323 "
5/18/2016," 4,338 "
5/19/2016," 4,316 "
5/20/2016," 4,363 "
5/23/2016," 4,355 "
5/24/2016," 4,444 "
5/25/2016," 4,476 "
5/26/2016," 4,488 "
5/27/2016," 4,513 "
5/30/2016,
5/31/2016," 4,524 "
6/1/2016," 4,520 "
6/2/2016," 4,531 "
6/3/2016," 4,510 "
6/6/2016," 4,524 "
6/7/2016," 4,513 "
6/8/2016," 4,521 "
6/9/2016," 4,513 "
6/10/2016," 4,461 "
6/13/2016," 4,423 "
6/14/2016," 4,425 "
6/15/2016," 4,410 "
6/16/2016," 4,424 "
6/17/2016," 4,374 "
6/20/2016," 4,400 "
6/21/2016," 4,413 "
6/22/2016," 4,405 "
6/23/2016," 4,467 "
6/24/2016," 4,286 "
6/27/2016," 4,201 "
6/28/2016," 4,290 "
6/29/2016," 4,365 "
6/30/2016," 4,418 "
7/1/2016," 4,437 "
7/4/2016,
7/5/2016," 4,411 "
7/6/2016," 4,445 "
7/7/2016," 4,460 "
7/8/2016," 4,528 "
7/11/2016," 4,555 "
7/12/2016," 4,578 "
7/13/2016," 4,566 "
7/14/2016," 4,596 "
7/15/2016," 4,590 "
7/18/2016," 4,620 "
7/19/2016," 4,603 "
7/20/2016," 4,657 "
7/21/2016," 4,647 "
7/22/2016," 4,666 "
7/25/2016," 4,666 "
7/26/2016," 4,672 "
7/27/2016," 4,703 "
7/28/2016," 4,721 "
7/29/2016," 4,730 "
8/1/2016," 4,756 "
8/2/2016," 4,719 "
8/3/2016," 4,734 "
8/4/2016," 4,744 "
8/5/2016," 4,791 "
8/8/2016," 4,785 "
8/9/2016," 4,796 "
8/10/2016," 4,783 "
8/11/2016," 4,803 "
8/12/2016," 4,807 "
8/15/2016," 4,827 "
8/16/2016," 4,797 "
8/17/2016," 4,805 "
8/18/2016," 4,809 "
8/19/2016," 4,806 "
8/22/2016," 4,809 "
8/23/2016," 4,818 "
8/24/2016," 4,783 "
8/25/2016," 4,775 "
8/26/2016," 4,784 "
8/29/2016," 4,791 "
8/30/2016," 4,776 "
8/31/2016," 4,771 "
9/1/2016," 4,784 "
9/2/2016," 4,799 "
9/5/2016,
9/6/2016," 4,830 "
9/7/2016," 4,832 "
9/8/2016," 4,804 "
9/9/2016," 4,682 "
9/12/2016," 4,765 "
9/13/2016," 4,723 "
9/14/2016," 4,746 "
9/15/2016," 4,820 "
9/16/2016," 4,818 "
9/19/2016," 4,796 "
9/20/2016," 4,805 "
9/21/2016," 4,854 "
9/22/2016," 4,891 "
9/23/2016," 4,859 "
9/26/2016," 4,817 "
9/27/2016," 4,867 "
9/28/2016," 4,875 "
9/29/2016," 4,838 "
9/30/2016," 4,876 "
10/3/2016," 4,867 "
10/4/2016," 4,859 "
10/5/2016," 4,878 "
10/6/2016," 4,874 "
10/7/2016," 4,865 "
10/10/2016," 4,894 "
10/11/2016," 4,822 "
10/12/2016," 4,820 "
10/13/2016," 4,803 "
10/14/2016," 4,808 "
10/17/2016," 4,796 "
10/18/2016," 4,840 "
10/19/2016," 4,837 "
10/20/2016," 4,833 "
10/21/2016," 4,852 "
10/24/2016," 4,910 "
10/25/2016," 4,891 "
10/26/2016," 4,861 "
10/27/2016," 4,836 "
10/28/2016," 4,806 "
10/31/2016," 4,801 "
11/1/2016," 4,767 "
11/2/2016," 4,727 "
11/3/2016," 4,679 "
11/4/2016," 4,660 "
11/7/2016," 4,774 "
11/8/2016," 4,805 "
11/9/2016," 4,825 "
11/10/2016," 4,747 "
11/11/2016," 4,752 "
11/14/2016," 4,702 "
11/15/2016," 4,764 "
11/16/2016," 4,792 "
11/17/2016," 4,827 "
11/18/2016," 4,808 "
11/21/2016," 4,859 "
11/22/2016," 4,874 "
11/23/2016," 4,854 "
11/24/2016,
11/25/2016," 4,870 "
11/28/2016," 4,857 "
11/29/2016," 4,873 "
11/30/2016," 4,811 "
12/1/2016," 4,734 "
12/2/2016," 4,739 "
12/5/2016," 4,778 "
12/6/2016," 4,789 "
12/7/2016," 4,852 "
12/8/2016," 4,859 "
12/9/2016," 4,896 "
12/12/2016," 4,874 "
12/13/2016," 4,936 "
12/14/2016," 4,921 "
12/15/2016," 4,933 "
12/16/2016," 4,915 "
12/19/2016," 4,935 "
12/20/2016," 4,954 "
12/21/2016," 4,949 "
12/22/2016," 4,934 "
12/23/2016," 4,940 "
12/26/2016,
12/27/2016," 4,966 "
12/28/2016," 4,926 "
12/29/2016," 4,918 "
12/30/2016," 4,864 "
1/2/2017,
1/3/2017," 4,911 "
1/4/2017," 4,937 "
1/5/2017," 4,965 "
1/6/2017," 5,007 "
1/9/2017," 5,025 "
1/10/2017," 5,035 "
1/11/2017," 5,050 "
1/12/2017," 5,041 "
1/13/2017," 5,060 "
1/16/2017,
1/17/2017," 5,045 "
1/18/2017," 5,056 "
1/19/2017," 5,051 "
1/20/2017," 5,063 "
1/23/2017," 5,066 "
1/24/2017," 5,101 "
1/25/2017," 5,151 "
1/26/2017," 5,157 "
1/27/2017," 5,168 "
1/30/2017," 5,129 "
1/31/2017," 5,117 "
2/1/2017," 5,153 "
2/2/2017," 5,148 "
2/3/2017," 5,162 "
2/6/2017," 5,168 "
2/7/2017," 5,186 "
2/8/2017," 5,197 "
2/9/2017," 5,212 "
2/10/2017," 5,227 "
2/13/2017," 5,257 "
2/14/2017," 5,271 "
2/15/2017," 5,302 "
2/16/2017," 5,301 "
2/17/2017," 5,325 "
2/20/2017,
2/21/2017," 5,351 "
2/22/2017," 5,352 "
2/23/2017," 5,332 "
2/24/2017," 5,343 "
2/27/2017," 5,348 "
2/28/2017," 5,330 "
3/1/2017," 5,391 "
3/2/2017," 5,363 "
3/3/2017," 5,373 "
3/6/2017," 5,360 "
3/7/2017," 5,351 "
3/8/2017," 5,360 "
3/9/2017," 5,364 "
3/10/2017," 5,386 "
3/13/2017," 5,395 "
3/14/2017," 5,382 "
3/15/2017," 5,416 "
3/16/2017," 5,412 "
3/17/2017," 5,409 "
3/20/2017," 5,413 "
3/21/2017," 5,333 "
3/22/2017," 5,368 "
3/23/2017," 5,355 "
3/24/2017," 5,364 "
3/27/2017," 5,374 "
3/28/2017," 5,407 "
3/29/2017," 5,430 "
3/30/2017," 5,440 "
3/31/2017," 5,436 "
4/3/2017," 5,432 "
4/4/2017," 5,440 "
4/5/2017," 5,419 "
4/6/2017," 5,421 "
4/7/2017," 5,418 "
4/10/2017," 5,422 "
4/11/2017," 5,398 "
4/12/2017," 5,377 "
4/13/2017," 5,354 "
4/14/2017,
4/17/2017," 5,399 "
4/18/2017," 5,392 "
4/19/2017," 5,400 "
4/20/2017," 5,444 "
4/21/2017," 5,442 "
4/24/2017," 5,508 "
4/25/2017," 5,548 "
4/26/2017," 5,541 "
4/27/2017," 5,571 "
4/28/2017," 5,584 "
5/1/2017," 5,630 "
5/2/2017," 5,644 "
5/3/2017," 5,625 "
5/4/2017," 5,626 "
5/5/2017," 5,646 "
5/8/2017," 5,659 "
5/9/2017," 5,678 "
5/10/2017," 5,682 "
5/11/2017," 5,674 "
5/12/2017," 5,687 "
5/15/2017," 5,704 "
5/16/2017," 5,724 "
5/17/2017," 5,581 "
5/18/2017," 5,626 "
5/19/2017," 5,652 "
5/22/2017," 5,699 "
5/23/2017," 5,703 "
5/24/2017," 5,730 "
5/25/2017," 5,778 "
5/26/2017," 5,788 "
5/29/2017,
5/30/2017," 5,795 "
5/31/2017," 5,789 "
6/1/2017," 5,817 "
6/2/2017," 5,881 "
6/5/2017," 5,878 "
6/6/2017," 5,857 "
6/7/2017," 5,878 "
6/8/2017," 5,885 "
6/9/2017," 5,742 "
6/12/2017," 5,708 "
6/13/2017," 5,752 "
6/14/2017," 5,727 "
6/15/2017," 5,701 "
6/16/2017," 5,681 "
6/19/2017," 5,772 "
6/20/2017," 5,726 "
6/21/2017," 5,782 "
6/22/2017," 5,780 "
6/23/2017," 5,803 "
6/26/2017," 5,778 "
6/27/2017," 5,672 "
6/28/2017," 5,753 "
6/29/2017," 5,653 "
6/30/2017," 5,647 "
7/3/2017," 5,597 "
7/4/2017,
7/5/2017," 5,649 "
7/6/2017," 5,598 "
7/7/2017," 5,656 "
7/10/2017," 5,694 "
7/11/2017," 5,710 "
7/12/2017," 5,779 "
7/13/2017," 5,793 "
7/14/2017," 5,838 "
7/17/2017," 5,840 "
7/18/2017," 5,880 "
7/19/2017," 5,916 "
7/20/2017," 5,921 "
7/21/2017," 5,922 "
7/24/2017," 5,941 "
7/25/2017," 5,931 "
7/26/2017," 5,951 "
7/27/2017," 5,917 "
7/28/2017," 5,909 "
7/31/2017," 5,880 "
8/1/2017," 5,895 "
8/2/2017," 5,914 "
8/3/2017," 5,891 "
8/4/2017," 5,900 "
8/7/2017," 5,935 "
8/8/2017," 5,926 "
8/9/2017," 5,919 "
8/10/2017," 5,788 "
8/11/2017," 5,832 "
8/14/2017," 5,908 "
8/15/2017," 5,908 "
8/16/2017," 5,917 "
8/17/2017," 5,796 "
8/18/2017," 5,791 "
8/21/2017," 5,787 "
8/22/2017," 5,873 "
8/23/2017," 5,852 "
8/24/2017," 5,834 "
8/25/2017," 5,823 "
8/28/2017," 5,838 "
8/29/2017," 5,862 "
8/30/2017," 5,933 "
8/31/2017," 5,989 "
9/1/2017," 5,988 "
9/4/2017,
9/5/2017," 5,933 "
9/6/2017," 5,951 "
9/7/2017," 5,964 "
9/8/2017," 5,913 "
9/11/2017," 5,981 "
9/12/2017," 5,996 "
9/13/2017," 6,004 "
9/14/2017," 5,969 "
9/15/2017," 5,988 "
9/18/2017," 5,981 "
9/19/2017," 5,991 "
9/20/2017," 5,974 "
9/21/2017," 5,935 "
9/22/2017," 5,932 "
9/25/2017," 5,867 "
9/26/2017," 5,881 "
9/27/2017," 5,938 "
9/28/2017," 5,933 "
9/29/2017," 5,979 "
10/2/2017," 5,982 "
10/3/2017," 5,995 "
10/4/2017," 5,999 "
10/5/2017," 6,057 "
10/6/2017," 6,065 "
10/9/2017," 6,059 "
10/10/2017," 6,064 "
10/11/2017," 6,081 "
10/12/2017," 6,070 "
10/13/2017," 6,092 "
10/16/2017," 6,115 "
10/17/2017," 6,123 "
10/18/2017," 6,114 "
10/19/2017," 6,093 "
10/20/2017," 6,109 "
10/23/2017," 6,068 "
10/24/2017," 6,080 "
10/25/2017," 6,055 "
10/26/2017," 6,038 "
10/27/2017," 6,213 "
10/30/2017," 6,228 "
10/31/2017," 6,249 "
11/1/2017," 6,249 "
11/2/2017," 6,236 "
11/3/2017," 6,296 "
11/6/2017," 6,314 "
11/7/2017," 6,321 "
11/8/2017," 6,346 "
11/9/2017," 6,312 "
11/10/2017," 6,309 "
11/13/2017," 6,316 "
11/14/2017," 6,294 "
11/15/2017," 6,258 "
11/16/2017," 6,339 "
11/17/2017," 6,315 "
11/20/2017," 6,309 "
11/21/2017," 6,379 "
11/22/2017," 6,386 "
11/23/2017,
11/24/2017," 6,409 "
11/27/2017," 6,406 "
11/28/2017," 6,423 "
11/29/2017," 6,311 "
11/30/2017," 6,366 "
12/1/2017," 6,338 "
12/4/2017," 6,264 "
12/5/2017," 6,265 "
12/6/2017," 6,293 "
12/7/2017," 6,316 "
12/8/2017," 6,345 "
12/11/2017," 6,394 "
12/12/2017," 6,384 "
12/13/2017," 6,395 "
12/14/2017," 6,390 "
12/15/2017," 6,466 "
12/18/2017," 6,513 "
12/19/2017," 6,481 "
12/20/2017," 6,472 "
12/21/2017," 6,473 "
12/22/2017," 6,465 "
12/25/2017,
12/26/2017," 6,433 "
12/27/2017," 6,435 "
12/28/2017," 6,441 "
12/29/2017," 6,396 "
1/1/2018,
1/2/2018," 6,511 "
1/3/2018," 6,576 "
1/4/2018," 6,585 "
1/5/2018," 6,653 "
1/8/2018," 6,677 "
1/9/2018," 6,678 "
1/10/2018," 6,663 "
1/11/2018," 6,708 "
1/12/2018," 6,759 "
1/15/2018,
1/16/2018," 6,737 "
1/17/2018," 6,810 "
1/18/2018," 6,811 "
1/19/2018," 6,834 "
1/22/2018," 6,906 "
1/23/2018," 6,963 "
1/24/2018," 6,919 "
1/25/2018," 6,916 "
1/26/2018," 7,023 "
1/29/2018," 6,988 "
1/30/2018," 6,931 "
1/31/2018," 6,950 "
2/1/2018," 6,902 "
2/2/2018," 6,760 "
2/5/2018," 6,496 "
2/6/2018," 6,666 "
2/7/2018," 6,582 "
2/8/2018," 6,306 "
2/9/2018," 6,413 "
2/12/2018," 6,524 "
2/13/2018," 6,554 "
2/14/2018," 6,675 "
2/15/2018," 6,795 "
2/16/2018," 6,771 "
2/19/2018,
2/20/2018," 6,780 "
2/21/2018," 6,759 "
2/22/2018," 6,762 "
2/23/2018," 6,897 "
2/26/2018," 6,989 "
2/27/2018," 6,900 "
2/28/2018," 6,854 "
3/1/2018," 6,751 "
3/2/2018," 6,811 "
3/5/2018," 6,881 "
3/6/2018," 6,913 "
3/7/2018," 6,929 "
3/8/2018," 6,966 "
3/9/2018," 7,101 "
3/12/2018," 7,131 "
3/13/2018," 7,047 "
3/14/2018," 7,041 "
3/15/2018," 7,031 "
3/16/2018," 7,020 "
3/19/2018," 6,865 "
3/20/2018," 6,886 "
3/21/2018," 6,853 "
3/22/2018," 6,682 "
3/23/2018," 6,508 "
3/26/2018," 6,754 "
3/27/2018," 6,530 "
3/28/2018," 6,461 "
3/29/2018," 6,581 "
3/30/2018,
4/2/2018," 6,391 "
4/3/2018," 6,459 "
4/4/2018," 6,560 "
4/5/2018," 6,595 "
4/6/2018," 6,433 "
4/9/2018," 6,472 "
4/10/2018," 6,616 "
4/11/2018," 6,583 "
4/12/2018," 6,656 "
4/13/2018," 6,628 "
4/16/2018," 6,675 "
4/17/2018," 6,816 "
4/18/2018," 6,833 "
4/19/2018," 6,775 "
4/20/2018," 6,668 "
4/23/2018," 6,649 "
4/24/2018," 6,509 "
4/25/2018," 6,514 "
4/26/2018," 6,650 "
4/27/2018," 6,656 "
4/30/2018," 6,606 "
5/1/2018," 6,682 "
5/2/2018," 6,644 "
5/3/2018," 6,643 "
5/4/2018," 6,769 "
5/7/2018," 6,822 "
5/8/2018," 6,815 "
5/9/2018," 6,893 "
5/10/2018," 6,964 "
5/11/2018," 6,953 "
5/14/2018," 6,964 "
5/15/2018," 6,889 "
5/16/2018," 6,930 "
5/17/2018," 6,902 "
5/18/2018," 6,866 "
5/21/2018," 6,906 "
5/22/2018," 6,894 "
5/23/2018," 6,954 "
5/24/2018," 6,950 "
5/25/2018," 6,961 "
5/28/2018,
5/29/2018," 6,927 "
5/30/2018," 6,976 "
5/31/2018," 6,968 "
6/1/2018," 7,084 "
6/4/2018," 7,144 "
6/5/2018," 7,167 "
6/6/2018," 7,210 "
6/7/2018," 7,153 "
6/8/2018," 7,153 "
6/11/2018," 7,168 "
6/12/2018," 7,209 "
6/13/2018," 7,205 "
6/14/2018," 7,280 "
6/15/2018," 7,256 "
6/18/2018," 7,251 "
6/19/2018," 7,228 "
6/20/2018," 7,281 "
6/21/2018," 7,217 "
6/22/2018," 7,198 "
6/25/2018," 7,038 "
6/26/2018," 7,068 "
6/27/2018," 6,970 "
6/28/2018," 7,032 "
6/29/2018," 7,041 "
7/2/2018," 7,098 "
7/3/2018," 7,015 "
7/4/2018,
7/5/2018," 7,101 "
7/6/2018," 7,207 "
7/9/2018," 7,276 "
7/10/2018," 7,283 "
7/11/2018," 7,244 "
7/12/2018," 7,366 "
7/13/2018," 7,376 "
7/16/2018," 7,358 "
7/17/2018," 7,404 "
7/18/2018," 7,390 "
7/19/2018," 7,352 "
7/20/2018," 7,350 "
7/23/2018," 7,372 "
7/24/2018," 7,406 "
7/25/2018," 7,509 "
7/26/2018," 7,401 "
7/27/2018," 7,297 "
7/30/2018," 7,193 "
7/31/2018," 7,232 "
8/1/2018," 7,273 "
8/2/2018," 7,372 "
8/3/2018," 7,395 "
8/6/2018," 7,439 "
8/7/2018," 7,463 "
8/8/2018," 7,470 "
8/9/2018," 7,467 "
8/10/2018," 7,408 "
8/13/2018," 7,401 "
8/14/2018," 7,447 "
8/15/2018," 7,355 "
8/16/2018," 7,374 "
8/17/2018," 7,378 "
8/20/2018," 7,371 "
8/21/2018," 7,397 "
8/22/2018," 7,425 "
8/23/2018," 7,414 "
8/24/2018," 7,485 "
8/27/2018," 7,559 "
8/28/2018," 7,570 "
8/29/2018," 7,660 "
8/30/2018," 7,643 "
8/31/2018," 7,655 "
9/3/2018,
9/4/2018," 7,622 "
9/5/2018," 7,523 "
9/6/2018," 7,453 "
9/7/2018," 7,430 "
9/10/2018," 7,448 "
9/11/2018," 7,508 "
9/12/2018," 7,488 "
9/13/2018," 7,562 "
9/14/2018," 7,545 "
9/17/2018," 7,435 "
9/18/2018," 7,494 "
9/19/2018," 7,490 "
9/20/2018," 7,569 "
9/21/2018," 7,531 "
9/24/2018," 7,549 "
9/25/2018," 7,563 "
9/26/2018," 7,563 "
9/27/2018," 7,630 "
9/28/2018," 7,628 "
10/1/2018," 7,645 "
10/2/2018," 7,628 "
10/3/2018," 7,637 "
10/4/2018," 7,490 "
10/5/2018," 7,399 "
10/8/2018," 7,353 "
10/9/2018," 7,372 "
10/10/2018," 7,044 "
10/11/2018," 6,964 "
10/12/2018," 7,157 "
10/15/2018," 7,069 "
10/16/2018," 7,276 "
10/17/2018," 7,279 "
10/18/2018," 7,116 "
10/19/2018," 7,107 "
10/22/2018," 7,141 "
10/23/2018," 7,119 "
10/24/2018," 6,789 "
10/25/2018," 7,016 "
10/26/2018," 6,852 "
10/29/2018," 6,714 "
10/30/2018," 6,810 "
10/31/2018," 6,967 "
11/1/2018," 7,069 "
11/2/2018," 6,965 "
11/5/2018," 6,937 "
11/6/2018," 6,989 "
11/7/2018," 7,203 "
11/8/2018," 7,159 "
11/9/2018," 7,039 "
11/12/2018," 6,829 "
11/13/2018," 6,831 "
11/14/2018," 6,770 "
11/15/2018," 6,890 "
11/16/2018," 6,867 "
11/19/2018," 6,643 "
11/20/2018," 6,527 "
11/21/2018," 6,576 "
11/22/2018,
11/23/2018," 6,527 "
11/26/2018," 6,678 "
11/27/2018," 6,701 "
11/28/2018," 6,913 "
11/29/2018," 6,892 "
11/30/2018," 6,949 "
12/3/2018," 7,062 "
12/4/2018," 6,795 "
12/5/2018,
12/6/2018," 6,839 "
12/7/2018," 6,613 "
12/10/2018," 6,683 "
12/11/2018," 6,704 "
12/12/2018," 6,764 "
12/13/2018," 6,768 "
12/14/2018," 6,595 "
12/17/2018," 6,448 "
12/18/2018," 6,492 "
12/19/2018," 6,343 "
12/20/2018," 6,243 "
12/21/2018," 6,047 "
12/24/2018," 5,899 "
12/25/2018,
12/26/2018," 6,263 "
12/27/2018," 6,288 "
12/28/2018," 6,285 "
12/31/2018," 6,330 "
1/1/2019,
1/2/2019," 6,361 "
1/3/2019," 6,147 "
1/4/2019," 6,423 "
1/7/2019," 6,488 "
1/8/2019," 6,552 "
1/9/2019," 6,601 "
1/10/2019," 6,621 "
1/11/2019," 6,601 "
1/14/2019," 6,541 "
1/15/2019," 6,670 "
1/16/2019," 6,669 "
1/17/2019," 6,718 "
1/18/2019," 6,785 "
1/21/2019,
1/22/2019," 6,647 "
1/23/2019," 6,659 "
1/24/2019," 6,703 "
1/25/2019," 6,787 "
1/28/2019," 6,697 "
1/29/2019," 6,633 "
1/30/2019," 6,808 "
1/31/2019," 6,907 "
2/1/2019," 6,876 "
2/4/2019," 6,960 "
2/5/2019," 7,024 "
2/6/2019," 6,998 "
2/7/2019," 6,905 "
2/8/2019," 6,913 "
2/11/2019," 6,909 "
2/12/2019," 7,015 "
2/13/2019," 7,016 "
2/14/2019," 7,022 "
2/15/2019," 7,055 "
2/18/2019,
2/19/2019," 7,067 "
2/20/2019," 7,062 "
2/21/2019," 7,035 "
2/22/2019," 7,091 "
2/25/2019," 7,115 "
2/26/2019," 7,123 "
2/27/2019," 7,117 "
2/28/2019," 7,098 "
3/1/2019," 7,152 "
3/4/2019," 7,151 "
3/5/2019," 7,157 "
3/6/2019," 7,112 "
3/7/2019," 7,027 "
3/8/2019," 7,016 "
3/11/2019," 7,164 "
3/12/2019," 7,201 "
3/13/2019," 7,257 "
3/14/2019," 7,243 "
3/15/2019," 7,307 "
3/18/2019," 7,326 "
3/19/2019," 7,349 "
3/20/2019," 7,381 "
3/21/2019," 7,493 "
3/22/2019," 7,326 "
3/25/2019," 7,317 "
3/26/2019," 7,351 "
3/27/2019," 7,308 "
3/28/2019," 7,320 "
3/29/2019," 7,379 "
4/1/2019," 7,478 "
4/2/2019," 7,500 "
4/3/2019," 7,545 "
4/4/2019," 7,541 "
4/5/2019," 7,579 "
4/8/2019," 7,600 "
4/9/2019," 7,568 "
4/10/2019," 7,611 "
4/11/2019," 7,595 "
4/12/2019," 7,628 "
4/15/2019," 7,629 "
4/16/2019," 7,655 "
4/17/2019," 7,681 "
4/18/2019," 7,690 "
4/19/2019," 7,690 "
4/22/2019," 7,713 "
4/23/2019," 7,811 "
4/24/2019," 7,784 "
4/25/2019," 7,817 "
4/26/2019," 7,827 "
4/29/2019," 7,839 "
4/30/2019," 7,781 "
5/1/2019," 7,752 "
5/2/2019," 7,724 "
5/3/2019," 7,846 "
5/6/2019," 7,794 "
5/7/2019," 7,640 "
5/8/2019," 7,618 "
5/9/2019," 7,583 "
5/10/2019," 7,587 "
5/13/2019," 7,324 "
5/14/2019," 7,402 "
5/15/2019," 7,503 "
5/16/2019," 7,580 "
5/17/2019," 7,504 "
5/20/2019," 7,377 "
5/21/2019," 7,451 "
5/22/2019," 7,421 "
5/23/2019," 7,308 "
5/24/2019," 7,301 "
5/27/2019,
5/28/2019," 7,278 "
5/29/2019," 7,217 "
5/30/2019," 7,245 "
5/31/2019," 7,128 "
6/3/2019," 6,978 "
6/4/2019," 7,167 "
6/5/2019," 7,221 "
6/6/2019," 7,276 "
6/7/2019," 7,417 "
6/10/2019," 7,502 "
6/11/2019," 7,514 "
6/12/2019," 7,472 "
6/13/2019," 7,511 "
6/14/2019," 7,479 "
6/17/2019," 7,527 "
6/18/2019," 7,635 "
6/19/2019," 7,668 "
6/20/2019," 7,738 "
6/21/2019," 7,729 "
6/24/2019," 7,723 "
6/25/2019," 7,592 "
6/26/2019," 7,627 "
6/27/2019," 7,657 "
6/28/2019," 7,671 "
7/1/2019," 7,768 "
7/2/2019," 7,800 "
7/3/2019," 7,858 "
7/4/2019,
7/5/2019," 7,841 "
7/8/2019," 7,786 "
7/9/2019," 7,827 "
7/10/2019," 7,903 "
7/11/2019," 7,897 "
7/12/2019," 7,943 "
7/15/2019," 7,967 "
7/16/2019," 7,927 "
7/17/2019," 7,889 "
7/18/2019," 7,904 "
7/19/2019," 7,835 "
7/22/2019," 7,905 "
7/23/2019," 7,955 "
7/24/2019," 8,011 "
7/25/2019," 7,930 "
7/26/2019," 8,017 "
7/29/2019," 7,989 "
7/30/2019," 7,952 "
7/31/2019," 7,849 "
8/1/2019," 7,801 "
8/2/2019," 7,693 "
8/5/2019," 7,416 "
8/6/2019," 7,521 "
8/7/2019," 7,552 "
8/8/2019," 7,725 "
8/9/2019," 7,646 "
8/12/2019," 7,562 "
8/13/2019," 7,728 "
8/14/2019," 7,490 "
8/15/2019," 7,485 "
8/16/2019," 7,604 "
8/19/2019," 7,719 "
8/20/2019," 7,664 "
8/21/2019," 7,733 "
8/22/2019," 7,707 "
8/23/2019," 7,465 "
8/26/2019," 7,575 "
8/27/2019," 7,566 "
8/28/2019," 7,588 "
8/29/2019," 7,702 "
8/30/2019," 7,691 "
9/2/2019,
9/3/2019," 7,610 "
9/4/2019," 7,719 "
9/5/2019," 7,863 "
9/6/2019," 7,853 "
9/9/2019," 7,832 "
9/10/2019," 7,815 "
9/11/2019," 7,888 "
9/12/2019," 7,917 "
9/13/2019," 7,893 "
9/16/2019," 7,852 "
9/17/2019," 7,889 "
9/18/2019," 7,889 "
9/19/2019," 7,902 "
9/20/2019," 7,824 "
9/23/2019," 7,819 "
9/24/2019," 7,710 "
9/25/2019," 7,804 "
9/26/2019," 7,772 "
9/27/2019," 7,682 "
9/30/2019," 7,749 "
10/1/2019," 7,684 "
10/2/2019," 7,551 "
10/3/2019," 7,638 "
10/4/2019," 7,754 "
10/7/2019," 7,725 "
10/8/2019," 7,604 "
10/9/2019," 7,691 "
10/10/2019," 7,740 "
10/11/2019," 7,844 "
10/14/2019," 7,842 "
10/15/2019," 7,943 "
10/16/2019," 7,920 "
10/17/2019," 7,942 "
10/18/2019," 7,868 "
10/21/2019," 7,940 "
10/22/2019," 7,875 "
10/23/2019," 7,889 "
10/24/2019," 7,967 "
10/25/2019," 8,029 "
10/28/2019," 8,111 "
10/29/2019," 8,048 "
10/30/2019," 8,083 "
10/31/2019," 8,084 "
11/1/2019," 8,161 "
11/4/2019," 8,211 "
11/5/2019," 8,210 "
11/6/2019," 8,196 "
11/7/2019," 8,220 "
11/8/2019," 8,256 "
11/11/2019," 8,242 "
11/12/2019," 8,264 "
11/13/2019," 8,260 "
11/14/2019," 8,258 "
11/15/2019," 8,316 "
11/18/2019," 8,328 "
11/19/2019," 8,339 "
11/20/2019," 8,284 "
11/21/2019," 8,266 "
11/22/2019," 8,272 "
11/25/2019," 8,372 "
11/26/2019," 8,386 "
11/27/2019," 8,445 "
11/28/2019,
11/29/2019," 8,404 "
12/2/2019," 8,309 "
12/3/2019," 8,255 "
12/4/2019," 8,297 "
12/5/2019," 8,308 "
12/6/2019," 8,397 "
12/9/2019," 8,363 "
12/10/2019," 8,354 "
12/11/2019," 8,403 "
12/12/2019," 8,467 "
12/13/2019," 8,488 "
12/16/2019," 8,570 "
12/17/2019," 8,576 "
12/18/2019," 8,581 "
12/19/2019," 8,641 "
12/20/2019," 8,678 "
12/23/2019," 8,696 "
12/24/2019," 8,700 "
12/25/2019,
12/26/2019," 8,778 "
12/27/2019," 8,771 "
12/30/2019," 8,710 "
12/31/2019," 8,733 "
1/1/2020,
1/2/2020," 8,872 "
1/3/2020," 8,794 "
1/6/2020," 8,849 "
1/7/2020," 8,846 "
1/8/2020," 8,912 "
1/9/2020," 8,990 "
1/10/2020," 8,967 "
1/13/2020," 9,071 "
1/14/2020," 9,033 "
1/15/2020," 9,036 "
1/16/2020," 9,125 "
1/17/2020," 9,174 "
1/20/2020,
1/21/2020," 9,167 "
1/22/2020," 9,189 "
1/23/2020," 9,217 "
1/24/2020," 9,141 "
1/27/2020," 8,952 "
1/28/2020," 9,091 "
1/29/2020," 9,102 "
1/30/2020," 9,136 "
1/31/2020," 8,992 "
2/3/2020," 9,126 "
2/4/2020," 9,334 "
2/5/2020," 9,367 "
2/6/2020," 9,446 "
2/7/2020," 9,401 "
2/10/2020," 9,517 "
2/11/2020," 9,518 "
2/12/2020," 9,613 "
2/13/2020," 9,596 "
2/14/2020," 9,624 "
2/17/2020,
2/18/2020," 9,630 "
2/19/2020," 9,719 "
2/20/2020," 9,628 "
2/21/2020," 9,447 "
