DATE,WILLLRGCAP
2/22/2000,28994
2/23/2000,29334
2/24/2000,29281
2/25/2000,28881
2/28/2000,29155
2/29/2000,29637
3/1/2000,29976
3/2/2000,29977
3/3/2000,30654
3/6/2000,30312
3/7/2000,29584
3/8/2000,29796
3/9/2000,30559
3/10/2000,30422
3/13/2000,30081
3/14/2000,29475
3/15/2000,29975
3/16/2000,31412
3/17/2000,31601
3/20/2000,31259
3/21/2000,32020
3/22/2000,32294
3/23/2000,32838
3/24/2000,32882
3/27/2000,32773
3/28/2000,32387
3/29/2000,32260
3/30/2000,31804
3/31/2000,32165
4/3/2000,31876
4/4/2000,31623
4/5/2000,31549
4/6/2000,31931
4/7/2000,32336
4/10/2000,31831
4/11/2000,31622
4/12/2000,30801
4/13/2000,30245
4/14/2000,28376
4/17/2000,29282
4/18/2000,30292
4/19/2000,30009
4/20/2000,30081
4/24/2000,29872
4/25/2000,30964
4/26/2000,30580
4/27/2000,30785
4/28/2000,30718
5/1/2000,31069
5/2/2000,30460
5/3/2000,29842
5/4/2000,29805
5/5/2000,30250
5/8/2000,30014
5/9/2000,29706
5/10/2000,28975
5/11/2000,29561
5/12/2000,29820
5/15/2000,30499
5/16/2000,30877
5/17/2000,30467
5/18/2000,30177
5/19/2000,29474
5/22/2000,29318
5/23/2000,28660
5/24/2000,29181
5/25/2000,28804
5/26/2000,28761
5/30/2000,29831
5/31/2000,29771
6/1/2000,30480
6/2/2000,31275
6/5/2000,31100
6/6/2000,30826
6/7/2000,31188
6/8/2000,30975
6/9/2000,30915
6/12/2000,30590
6/13/2000,31084
6/14/2000,31048
6/15/2000,31221
6/16/2000,30972
6/19/2000,31519
6/20/2000,31393
6/21/2000,31481
6/22/2000,30885
6/23/2000,30582
6/26/2000,30858
6/27/2000,30708
6/28/2000,30868
6/29/2000,30623
6/30/2000,30895
7/3/2000,31197
7/5/2000,30694
7/6/2000,30969
7/7/2000,31449
7/10/2000,31368
7/11/2000,31431
7/12/2000,31775
7/13/2000,31919
7/14/2000,32254
7/17/2000,32275
7/18/2000,31860
7/19/2000,31537
7/20/2000,31935
7/21/2000,31575
7/24/2000,31151
7/25/2000,31342
7/26/2000,30909
7/27/2000,30747
7/28/2000,30063
7/31/2000,30347
8/1/2000,30454
8/2/2000,30455
8/3/2000,30810
8/4/2000,31064
8/7/2000,31427
8/8/2000,31487
8/9/2000,31280
8/10/2000,31007
8/11/2000,31272
8/14/2000,31686
8/15/2000,31541
8/16/2000,31457
8/17/2000,31837
8/18/2000,31742
8/21/2000,31896
8/22/2000,31893
8/23/2000,32096
8/24/2000,32174
8/25/2000,32142
8/28/2000,32308
8/29/2000,32254
8/30/2000,32179
8/31/2000,32541
9/1/2000,32632
9/5/2000,32323
9/6/2000,31950
9/7/2000,32189
9/8/2000,31972
9/11/2000,31852
9/12/2000,31707
9/13/2000,31797
9/14/2000,31750
9/15/2000,31392
9/18/2000,30879
9/19/2000,31271
9/20/2000,31149
9/21/2000,31064
9/22/2000,31138
9/25/2000,30962
9/26/2000,30697
9/27/2000,30685
9/28/2000,31396
9/29/2000,30967
10/2/2000,30813
10/3/2000,30460
10/4/2000,30658
10/5/2000,30638
10/6/2000,30015
10/9/2000,29911
10/10/2000,29520
10/11/2000,29006
10/12/2000,28194
10/13/2000,29265
10/16/2000,29328
10/17/2000,28783
10/18/2000,28579
10/19/2000,29619
10/20/2000,29865
10/23/2000,29856
10/24/2000,29834
10/25/2000,29123
10/26/2000,29111
10/27/2000,29423
10/30/2000,29689
10/31/2000,30473
11/1/2000,30321
11/2/2000,30593
11/3/2000,30566
11/6/2000,30645
11/7/2000,30629
11/8/2000,30033
11/9/2000,29774
11/10/2000,28999
11/13/2000,28615
11/14/2000,29375
11/15/2000,29554
11/16/2000,29100
11/17/2000,28946
11/20/2000,28274
11/21/2000,28304
11/22/2000,27724
11/24/2000,28269
11/27/2000,28372
11/28/2000,27965
11/29/2000,28074
11/30/2000,27511
12/1/2000,27593
12/4/2000,27751
12/5/2000,28990
12/6/2000,28476
12/7/2000,28326
12/8/2000,29079
12/11/2000,29384
12/12/2000,29117
12/13/2000,28816
12/14/2000,28327
12/15/2000,27753
12/18/2000,27949
12/19/2000,27504
12/20/2000,26543
12/21/2000,26693
12/22/2000,27483
12/26/2000,27643
12/27/2000,27985
12/28/2000,28162
12/29/2000,27814
1/2/2001,26886
1/3/2001,28341
1/4/2001,27981
1/5/2001,27163
1/8/2001,27095
1/9/2001,27238
1/10/2001,27594
1/11/2001,27934
1/12/2001,27784
1/16/2001,27957
1/17/2001,28060
1/18/2001,28413
1/19/2001,28282
1/22/2001,28286
1/23/2001,28707
1/24/2001,28814
1/25/2001,28600
1/26/2001,28576
1/29/2001,28801
1/30/2001,28981
1/31/2001,28771
2/1/2001,28899
2/2/2001,28352
2/5/2001,28426
2/6/2001,28414
2/7/2001,28160
2/8/2001,27977
2/9/2001,27580
2/12/2001,27875
2/13/2001,27615
2/14/2001,27606
2/15/2001,27859
2/16/2001,27349
2/20/2001,26829
2/21/2001,26342
2/22/2001,26254
2/23/2001,26150
2/26/2001,26643
2/27/2001,26370
2/28/2001,25978
3/1/2001,26001
3/2/2001,25834
3/5/2001,25993
3/6/2001,26261
3/7/2001,26422
3/8/2001,26424
3/9/2001,25751
3/12/2001,24618
3/13/2001,25035
3/14/2001,24397
3/15/2001,24510
3/16/2001,24005
3/19/2001,24455
3/20/2001,23848
3/21/2001,23411
3/22/2001,23324
3/23/2001,23795
3/26/2001,24071
3/27/2001,24682
3/28/2001,24054
3/29/2001,23930
3/30/2001,24200
4/2/2001,23870
4/3/2001,23013
4/4/2001,22944
4/5/2001,23996
4/6/2001,23521
4/9/2001,23720
4/10/2001,24380
4/11/2001,24345
4/12/2001,24716
4/16/2001,24621
4/17/2001,24900
4/18/2001,25871
4/19/2001,26230
4/20/2001,26008
4/23/2001,25589
4/24/2001,25270
4/25/2001,25682
4/26/2001,25798
4/27/2001,26186
4/30/2001,26166
5/1/2001,26522
5/2/2001,26568
5/3/2001,26161
5/4/2001,26538
5/7/2001,26455
5/8/2001,26416
5/9/2001,26287
5/10/2001,26269
5/11/2001,26076
5/14/2001,26128
5/15/2001,26137
5/16/2001,26886
5/17/2001,26989
5/18/2001,27044
5/21/2001,27524
5/22/2001,27461
5/23/2001,27008
5/24/2001,27113
5/25/2001,26814
5/29/2001,26563
5/30/2001,26131
5/31/2001,26319
6/1/2001,26440
6/4/2001,26569
6/5/2001,26943
6/6/2001,26673
6/7/2001,26818
6/8/2001,26552
6/11/2001,26305
6/12/2001,26322
6/13/2001,26033
6/14/2001,25546
6/15/2001,25434
6/18/2001,25308
6/19/2001,25390
6/20/2001,25656
6/21/2001,25930
6/22/2001,25684
6/25/2001,25541
6/26/2001,25507
6/27/2001,25420
6/28/2001,25752
6/29/2001,25750
7/2/2001,25973
7/3/2001,25933
7/5/2001,25607
7/6/2001,25018
7/9/2001,25175
7/10/2001,24812
7/11/2001,24784
7/12/2001,25378
7/13/2001,25527
7/16/2001,25242
7/17/2001,25503
7/18/2001,25345
7/19/2001,25479
7/20/2001,25394
7/23/2001,24987
7/24/2001,24579
7/25/2001,24943
7/26/2001,25223
7/27/2001,25282
7/30/2001,25254
7/31/2001,25392
8/1/2001,25496
8/2/2001,25597
8/3/2001,25472
8/6/2001,25185
8/7/2001,25252
8/8/2001,24816
8/9/2001,24805
8/10/2001,24931
8/13/2001,24974
8/14/2001,24884
8/15/2001,24700
8/16/2001,24751
8/17/2001,24343
8/20/2001,24532
8/21/2001,24242
8/22/2001,24409
8/23/2001,24341
8/24/2001,24800
8/27/2001,24697
8/28/2001,24331
8/29/2001,24072
8/30/2001,23671
8/31/2001,23771
9/4/2001,23762
9/5/2001,23710
9/6/2001,23201
9/7/2001,22777
9/10/2001,22905
9/17/2001,21763
9/18/2001,21615
9/19/2001,21273
9/20/2001,20643
9/21/2001,20254
9/24/2001,21027
9/25/2001,21193
9/26/2001,21087
9/27/2001,21334
9/28/2001,21806
10/1/2001,21738
10/2/2001,21992
10/3/2001,22465
10/4/2001,22413
10/5/2001,22434
10/8/2001,22253
10/9/2001,22145
10/10/2001,22649
10/11/2001,23013
10/12/2001,22881
10/15/2001,22853
10/16/2001,23019
10/17/2001,22562
10/18/2001,22398
10/19/2001,22510
10/22/2001,22856
10/23/2001,22750
10/24/2001,22761
10/25/2001,23074
10/26/2001,23160
10/29/2001,22616
10/30/2001,22221
10/31/2001,22234
11/1/2001,22723
11/2/2001,22775
11/5/2001,23105
11/6/2001,23446
11/7/2001,23388
11/8/2001,23427
11/9/2001,23450
11/12/2001,23420
11/13/2001,23849
11/14/2001,23910
11/15/2001,23927
11/16/2001,23851
11/19/2001,24112
11/20/2001,23932
11/21/2001,23818
11/23/2001,24091
11/26/2001,24260
11/27/2001,24111
11/28/2001,23691
11/29/2001,23947
11/30/2001,23918
12/3/2001,23721
12/4/2001,24040
12/5/2001,24584
12/6/2001,24533
12/7/2001,24341
12/10/2001,23967
12/11/2001,23913
12/12/2001,23920
12/13/2001,23562
12/14/2001,23640
12/17/2001,23873
12/18/2001,24061
12/19/2001,24193
12/20/2001,23992
12/21/2001,24096
12/24/2001,24094
12/26/2001,24205
12/27/2001,24374
12/28/2001,24472
12/31/2001,24209
1/2/2002,24335
1/3/2002,24557
1/4/2002,24718
1/7/2002,24557
1/8/2002,24472
1/9/2002,24360
1/10/2002,24380
1/11/2002,24176
1/14/2002,24003
1/15/2002,24179
1/16/2002,23794
1/17/2002,24045
1/18/2002,23801
1/22/2002,23622
1/23/2002,23820
1/24/2002,23912
1/25/2002,23940
1/28/2002,23946
1/29/2002,23317
1/30/2002,23570
1/31/2002,23904
2/1/2002,23728
2/4/2002,23171
2/5/2002,23104
2/6/2002,22949
2/7/2002,22874
2/8/2002,23229
2/11/2002,23546
2/12/2002,23464
2/13/2002,23702
2/14/2002,23669
2/15/2002,23393
2/19/2002,22950
2/20/2002,23255
2/21/2002,22912
2/22/2002,23087
2/25/2002,23494
2/26/2002,23505
2/27/2002,23516
2/28/2002,23459
3/1/2002,23988
3/4/2002,24450
3/5/2002,24309
3/6/2002,24650
3/7/2002,24531
3/8/2002,24691
3/11/2002,24761
3/12/2002,24702
3/13/2002,24474
3/14/2002,24458
3/15/2002,24745
3/18/2002,24751
3/19/2002,24836
3/20/2002,24453
3/21/2002,24504
3/22/2002,24398
3/25/2002,24044
3/26/2002,24184
3/27/2002,24312
3/28/2002,24376
4/1/2002,24356
4/2/2002,24137
4/3/2002,23899
4/4/2002,23925
4/5/2002,23865
4/8/2002,23938
4/9/2002,23788
4/10/2002,24055
4/11/2002,23508
4/12/2002,23672
4/15/2002,23507
4/16/2002,24034
4/17/2002,23983
4/18/2002,23951
4/19/2002,23972
4/22/2002,23613
4/23/2002,23484
4/24/2002,23332
4/25/2002,23306
4/26/2002,22984
4/29/2002,22773
4/30/2002,23031
5/1/2002,23231
5/2/2002,23174
5/3/2002,22935
5/6/2002,22514
5/7/2002,22447
5/8/2002,23276
5/9/2002,22948
5/10/2002,22576
5/13/2002,22986
5/14/2002,23480
5/15/2002,23370
5/16/2002,23489
5/17/2002,23661
5/20/2002,23356
5/21/2002,23098
5/22/2002,23207
5/23/2002,23447
5/24/2002,23175
5/28/2002,22995
5/29/2002,22855
5/30/2002,22797
5/31/2002,22845
6/3/2002,22305
6/4/2002,22291
6/5/2002,22489
6/6/2002,22068
6/7/2002,22066
6/10/2002,22122
6/11/2002,21744
6/12/2002,21886
6/13/2002,21656
6/14/2002,21625
6/17/2002,22228
6/18/2002,22243
6/19/2002,21884
6/20/2002,21577
6/21/2002,21216
6/24/2002,21270
6/25/2002,20907
6/26/2002,20846
6/27/2002,21195
6/28/2002,21194
7/1/2002,20719
7/2/2002,20276
7/3/2002,20394
7/5/2002,21135
7/8/2002,20878
7/9/2002,20365
7/10/2002,19725
7/11/2002,19862
7/12/2002,19756
7/15/2002,19688
7/16/2002,19375
7/17/2002,19495
7/18/2002,18971
7/19/2002,18317
7/22/2002,17706
7/23/2002,17217
7/24/2002,18182
7/25/2002,18077
7/26/2002,18362
7/29/2002,19365
7/30/2002,19463
7/31/2002,19637
8/1/2002,19068
8/2/2002,18634
8/5/2002,17996
8/6/2002,18533
8/7/2002,18892
8/8/2002,19497
8/9/2002,19563
8/12/2002,19474
8/13/2002,19062
8/14/2002,19797
8/15/2002,20044
8/16/2002,20034
8/19/2002,20480
8/20/2002,20198
8/21/2002,20459
8/22/2002,20744
8/23/2002,20280
8/26/2002,20438
8/27/2002,20140
8/28/2002,19786
8/29/2002,19802
8/30/2002,19756
9/3/2002,18956
9/4/2002,19287
9/5/2002,18988
9/6/2002,19321
9/9/2002,19509
9/10/2002,19648
9/11/2002,19643
9/12/2002,19166
9/13/2002,19235
9/16/2002,19256
9/17/2002,18886
9/18/2002,18808
9/19/2002,18250
9/20/2002,18291
9/23/2002,18045
9/24/2002,17752
9/25/2002,18185
9/26/2002,18508
9/27/2002,17945
9/30/2002,17692
10/1/2002,18359
10/2/2002,17934
10/3/2002,17738
10/4/2002,17341
10/7/2002,17005
10/8/2002,17279
10/9/2002,16816
10/10/2002,17401
10/11/2002,18068
10/14/2002,18206
10/15/2002,19046
10/16/2002,18596
10/17/2002,19017
10/18/2002,19117
10/21/2002,19435
10/22/2002,19226
10/23/2002,19360
10/24/2002,19069
10/25/2002,19388
10/28/2002,19229
10/29/2002,19052
10/30/2002,19242
10/31/2002,19152
11/1/2002,19474
11/4/2002,19622
11/5/2002,19766
11/6/2002,19946
11/7/2002,19508
11/8/2002,19337
11/11/2002,18945
11/12/2002,19091
11/13/2002,19083
11/14/2002,19546
11/15/2002,19678
11/18/2002,19478
11/19/2002,19391
11/20/2002,19762
11/21/2002,20176
11/22/2002,20107
11/25/2002,20155
11/26/2002,19746
11/27/2002,20290
11/29/2002,20243
12/2/2002,20218
12/3/2002,19918
12/4/2002,19854
12/5/2002,19630
12/6/2002,19752
12/9/2002,19319
12/10/2002,19588
12/11/2002,19604
12/12/2002,19543
12/13/2002,19285
12/16/2002,19723
12/17/2002,19573
12/18/2002,19326
12/19/2002,19184
12/20/2002,19428
12/23/2002,19467
12/24/2002,19363
12/26/2002,19313
12/27/2002,19012
12/30/2002,19094
12/31/2002,19109
1/2/2003,19721
1/3/2003,19709
1/6/2003,20132
1/7/2003,19998
1/8/2003,19727
1/9/2003,20098
1/10/2003,20098
1/13/2003,20069
1/14/2003,20179
1/15/2003,19905
1/16/2003,19836
1/17/2003,19564
1/21/2003,19261
1/22/2003,19076
1/23/2003,19270
1/24/2003,18727
1/27/2003,18423
1/28/2003,18655
1/29/2003,18784
1/30/2003,18379
1/31/2003,18623
2/3/2003,18710
2/4/2003,18452
2/5/2003,18362
2/6/2003,18248
2/7/2003,18063
2/10/2003,18191
2/11/2003,18055
2/12/2003,17832
2/13/2003,17790
2/14/2003,18143
2/18/2003,18507
2/19/2003,18388
2/20/2003,18225
2/21/2003,18467
2/24/2003,18139
2/25/2003,18266
2/26/2003,18040
2/27/2003,18247
2/28/2003,18332
3/3/2003,18205
3/4/2003,17934
3/5/2003,18091
3/6/2003,17940
3/7/2003,18085
3/10/2003,17646
3/11/2003,17498
3/12/2003,17567
3/13/2003,18171
3/14/2003,18201
3/17/2003,18831
3/18/2003,18910
3/19/2003,19059
3/20/2003,19112
3/21/2003,19538
3/24/2003,18862
3/25/2003,19087
3/26/2003,18987
3/27/2003,18961
3/28/2003,18864
3/31/2003,18537
4/1/2003,18752
4/2/2003,19242
4/3/2003,19142
4/4/2003,19182
4/7/2003,19209
4/8/2003,19172
4/9/2003,18917
4/10/2003,19028
4/11/2003,18964
4/14/2003,19325
4/15/2003,19443
4/16/2003,19214
4/17/2003,19505
4/21/2003,19477
4/22/2003,19889
4/23/2003,20053
4/24/2003,19883
4/25/2003,19618
4/28/2003,19958
4/29/2003,20024
4/30/2003,20012
5/1/2003,20003
5/2/2003,20301
5/5/2003,20243
5/6/2003,20410
5/7/2003,20320
5/8/2003,20116
5/9/2003,20396
5/12/2003,20650
5/13/2003,20594
5/14/2003,20538
5/15/2003,20692
5/16/2003,20650
5/19/2003,20162
5/20/2003,20139
5/21/2003,20225
5/22/2003,20415
5/23/2003,20451
5/27/2003,20839
5/28/2003,20872
5/29/2003,20796
5/30/2003,21111
6/2/2003,21188
6/3/2003,21278
6/4/2003,21600
6/5/2003,21692
6/6/2003,21632
6/9/2003,21370
6/10/2003,21567
6/11/2003,21853
6/12/2003,21879
6/13/2003,21664
6/16/2003,22135
6/17/2003,22153
6/18/2003,22113
6/19/2003,21788
6/20/2003,21807
6/23/2003,21499
6/24/2003,21541
6/25/2003,21386
6/26/2003,21616
6/27/2003,21419
6/30/2003,21383
7/1/2003,21549
7/2/2003,21800
7/3/2003,21637
7/7/2003,22042
7/8/2003,22121
7/9/2003,22019
7/10/2003,21731
7/11/2003,21934
7/14/2003,22075
7/15/2003,21991
7/16/2003,21852
7/17/2003,21578
7/18/2003,21820
7/21/2003,21513
7/22/2003,21712
7/23/2003,21732
7/24/2003,21584
7/25/2003,21930
7/28/2003,21896
7/29/2003,21761
7/30/2003,21730
7/31/2003,21791
8/1/2003,21574
8/4/2003,21617
8/5/2003,21247
8/6/2003,21279
8/7/2003,21426
8/8/2003,21504
8/11/2003,21579
8/12/2003,21797
8/13/2003,21670
8/14/2003,21804
8/15/2003,21820
8/18/2003,22020
8/19/2003,22085
8/20/2003,22045
8/21/2003,22126
8/22/2003,21904
8/25/2003,21905
8/26/2003,21968
8/27/2003,21981
8/28/2003,22127
8/29/2003,22245
9/2/2003,22544
9/3/2003,22638
9/4/2003,22676
9/5/2003,22536
9/8/2003,22762
9/9/2003,22574
9/10/2003,22294
9/11/2003,22419
9/12/2003,22469
9/15/2003,22388
9/16/2003,22696
9/17/2003,22624
9/18/2003,22921
9/19/2003,22859
9/22/2003,22564
9/23/2003,22698
9/24/2003,22284
9/25/2003,22150
9/26/2003,22002
9/29/2003,22211
9/30/2003,22000
10/1/2003,22472
10/2/2003,22531
10/3/2003,22746
10/6/2003,22849
10/7/2003,22956
10/8/2003,22852
10/9/2003,22965
10/10/2003,22954
10/13/2003,23119
10/14/2003,23209
10/15/2003,23141
10/16/2003,23219
10/17/2003,22978
10/20/2003,23083
10/21/2003,23126
10/22/2003,22787
10/23/2003,22862
10/24/2003,22762
10/27/2003,22825
10/28/2003,23170
10/29/2003,23209
10/30/2003,23185
10/31/2003,23267
11/3/2003,23455
11/4/2003,23330
11/5/2003,23309
11/6/2003,23445
11/7/2003,23353
11/10/2003,23212
11/11/2003,23187
11/12/2003,23469
11/13/2003,23471
11/14/2003,23300
11/17/2003,23153
11/18/2003,22945
11/19/2003,23120
11/20/2003,22932
11/21/2003,22975
11/24/2003,23351
11/25/2003,23402
11/26/2003,23503
11/28/2003,23509
12/1/2003,23769
12/2/2003,23693
12/3/2003,23640
12/4/2003,23732
12/5/2003,23551
12/8/2003,23723
12/9/2003,23515
12/10/2003,23480
12/11/2003,23753
12/12/2003,23810
12/15/2003,23664
12/16/2003,23806
12/17/2003,23840
12/18/2003,24125
12/19/2003,24114
12/22/2003,24207
12/23/2003,24275
12/24/2003,24237
12/26/2003,24277
12/29/2003,24585
12/30/2003,24595
12/31/2003,24630
1/2/2004,24554
1/5/2004,24846
1/6/2004,24883
1/7/2004,24949
1/8/2004,25056
1/9/2004,24861
1/12/2004,24977
1/13/2004,24851
1/14/2004,25050
1/15/2004,25081
1/16/2004,25259
1/20/2004,25256
1/21/2004,25435
1/22/2004,25364
1/23/2004,25322
1/26/2004,25619
1/27/2004,25376
1/28/2004,25037
1/29/2004,25154
1/30/2004,25102
2/2/2004,25188
2/3/2004,25194
2/4/2004,24995
2/5/2004,25037
2/6/2004,25359
2/9/2004,25313
2/10/2004,25445
2/11/2004,25717
2/12/2004,25599
2/13/2004,25472
2/17/2004,25709
2/18/2004,25596
2/19/2004,25485
2/20/2004,25420
2/23/2004,25340
2/24/2004,25302
2/25/2004,25415
2/26/2004,25465
2/27/2004,25476
3/1/2004,25724
3/2/2004,25572
3/3/2004,25616
3/4/2004,25704
3/5/2004,25761
3/8/2004,25557
3/9/2004,25408
3/10/2004,25042
3/11/2004,24673
3/12/2004,24979
3/15/2004,24628
3/16/2004,24754
3/17/2004,25040
3/18/2004,25009
3/19/2004,24741
3/22/2004,24423
3/23/2004,24391
3/24/2004,24328
3/25/2004,24722
3/26/2004,24704
3/29/2004,25022
3/30/2004,25131
3/31/2004,25128
4/1/2004,25275
4/2/2004,25480
4/5/2004,25662
4/6/2004,25597
4/7/2004,25449
4/8/2004,25413
4/12/2004,25531
4/13/2004,25192
4/14/2004,25162
4/15/2004,25180
4/16/2004,25297
4/19/2004,25336
4/20/2004,24957
4/21/2004,25084
4/22/2004,25423
4/23/2004,25431
4/26/2004,25326
4/27/2004,25373
4/28/2004,25041
4/29/2004,24855
4/30/2004,24711
5/3/2004,24941
5/4/2004,24981
5/5/2004,25043
5/6/2004,24867
5/7/2004,24518
5/10/2004,24229
5/11/2004,24436
5/12/2004,24471
5/13/2004,24458
5/14/2004,24437
5/17/2004,24184
5/18/2004,24356
5/19/2004,24297
5/20/2004,24312
5/21/2004,24408
5/24/2004,24460
5/25/2004,24851
5/26/2004,24907
5/27/2004,25043
5/28/2004,25047
6/1/2004,25064
6/2/2004,25149
6/3/2004,24950
6/4/2004,25081
6/7/2004,25478
6/8/2004,25508
6/9/2004,25266
6/10/2004,25372
6/14/2004,25125
6/15/2004,25282
6/16/2004,25322
6/17/2004,25291
6/18/2004,25349
6/21/2004,25243
6/22/2004,25335
6/23/2004,25555
6/24/2004,25491
6/25/2004,25366
6/28/2004,25345
6/29/2004,25409
6/30/2004,25523
7/1/2004,25270
7/2/2004,25197
7/6/2004,24985
7/7/2004,25042
7/8/2004,24830
7/9/2004,24913
7/12/2004,24940
7/13/2004,24955
7/14/2004,24883
7/15/2004,24792
7/16/2004,24676
7/19/2004,24663
7/20/2004,24843
7/21/2004,24501
7/22/2004,24562
7/23/2004,24318
7/26/2004,24249
7/27/2004,24484
7/28/2004,24489
7/29/2004,24626
7/30/2004,24657
8/2/2004,24763
8/3/2004,24608
8/4/2004,24570
8/5/2004,24180
8/6/2004,23817
8/9/2004,23840
8/10/2004,24150
8/11/2004,24089
8/12/2004,23811
8/13/2004,23844
8/16/2004,24165
8/17/2004,24229
8/18/2004,24537
8/19/2004,24444
8/20/2004,24620
8/23/2004,24558
8/24/2004,24568
8/25/2004,24766
8/26/2004,24772
8/27/2004,24841
8/30/2004,24647
8/31/2004,24774
9/1/2004,24828
9/2/2004,25093
9/3/2004,24988
9/7/2004,25163
9/8/2004,25055
9/9/2004,25106
9/10/2004,25228
9/13/2004,25286
9/14/2004,25338
9/15/2004,25166
9/16/2004,25249
9/17/2004,25355
9/20/2004,25214
9/21/2004,25380
9/22/2004,25042
9/23/2004,24931
9/24/2004,24975
9/27/2004,24826
9/28/2004,24974
9/29/2004,25081
9/30/2004,25086
10/1/2004,25455
10/4/2004,25540
10/5/2004,25525
10/6/2004,25701
10/7/2004,25444
10/8/2004,25264
10/11/2004,25314
10/12/2004,25258
10/13/2004,25078
10/14/2004,24859
10/15/2004,24970
10/18/2004,25099
10/19/2004,24865
10/20/2004,24881
10/21/2004,24955
10/22/2004,24716
10/25/2004,24689
10/26/2004,25046
10/27/2004,25369
10/28/2004,25410
10/29/2004,25473
11/1/2004,25477
11/2/2004,25468
11/3/2004,25767
11/4/2004,26168
11/5/2004,26261
11/8/2004,26231
11/9/2004,26226
11/10/2004,26219
11/11/2004,26451
11/12/2004,26703
11/15/2004,26698
11/16/2004,26524
11/17/2004,26672
11/18/2004,26706
11/19/2004,26416
11/22/2004,26568
11/23/2004,26578
11/24/2004,26696
11/26/2004,26723
11/29/2004,26645
11/30/2004,26541
12/1/2004,26936
12/2/2004,26905
12/3/2004,26932
12/6/2004,26917
12/7/2004,26623
12/8/2004,26753
12/9/2004,26902
12/10/2004,26883
12/13/2004,27118
12/14/2004,27229
12/15/2004,27301
12/16/2004,27240
12/17/2004,27060
12/20/2004,27065
12/21/2004,27314
12/22/2004,27416
12/23/2004,27432
12/27/2004,27314
12/28/2004,27517
12/29/2004,27525
12/30/2004,27536
12/31/2004,27500
1/3/2005,27252
1/4/2005,26925
1/5/2005,26812
1/6/2005,26915
1/7/2005,26882
1/10/2005,26983
1/11/2005,26816
1/12/2005,26926
1/13/2005,26717
1/14/2005,26880
1/18/2005,27137
1/19/2005,26886
1/20/2005,26690
1/21/2005,26535
1/24/2005,26433
1/25/2005,26521
1/26/2005,26654
1/27/2005,26665
1/28/2005,26597
1/31/2005,26824
2/1/2005,27014
2/2/2005,27107
2/3/2005,27038
2/4/2005,27343
2/7/2005,27313
2/8/2005,27331
2/9/2005,27104
2/10/2005,27222
2/11/2005,27418
2/14/2005,27445
2/15/2005,27530
2/16/2005,27546
2/17/2005,27338
2/18/2005,27355
2/22/2005,26957
2/23/2005,27110
2/24/2005,27336
2/25/2005,27600
2/28/2005,27427
3/1/2005,27580
3/2/2005,27586
3/3/2005,27587
3/4/2005,27849
3/7/2005,27933
3/8/2005,27801
3/9/2005,27515
3/10/2005,27559
3/11/2005,27378
3/14/2005,27552
3/15/2005,27357
3/16/2005,27126
3/17/2005,27179
3/18/2005,27166
3/21/2005,27041
3/22/2005,26775
3/23/2005,26776
3/24/2005,26763
3/28/2005,26815
3/29/2005,26615
3/30/2005,26978
3/31/2005,26981
4/1/2005,26821
4/4/2005,26892
4/5/2005,27011
4/6/2005,27077
4/7/2005,27238
4/8/2005,27010
4/11/2005,27012
4/12/2005,27160
4/13/2005,26845
4/14/2005,26574
4/15/2005,26149
4/18/2005,26226
4/19/2005,26402
4/20/2005,26052
4/21/2005,26551
4/22/2005,26378
4/25/2005,26618
4/26/2005,26390
4/27/2005,26485
4/28/2005,26196
4/29/2005,26494
5/2/2005,26620
5/3/2005,26603
5/4/2005,26938
5/5/2005,26882
5/6/2005,26860
5/9/2005,27029
5/10/2005,26754
5/11/2005,26878
5/12/2005,26607
5/13/2005,26481
5/16/2005,26748
5/17/2005,26940
5/18/2005,27221
5/19/2005,27353
5/20/2005,27319
5/23/2005,27429
5/24/2005,27438
5/25/2005,27339
5/26/2005,27521
5/27/2005,27564
5/31/2005,27419
6/1/2005,27672
6/2/2005,27727
6/3/2005,27548
6/6/2005,27583
6/7/2005,27575
6/8/2005,27516
6/9/2005,27668
6/10/2005,27601
6/13/2005,27677
6/14/2005,27748
6/15/2005,27808
6/16/2005,27917
6/17/2005,28049
6/20/2005,28038
6/21/2005,27981
6/22/2005,27991
6/23/2005,27711
6/24/2005,27507
6/27/2005,27498
6/28/2005,27747
6/29/2005,27715
6/30/2005,27531
7/1/2005,27615
7/5/2005,27859
7/6/2005,27647
7/7/2005,27723
7/8/2005,28040
7/11/2005,28218
7/12/2005,28284
7/13/2005,28303
7/14/2005,28357
7/15/2005,28396
7/18/2005,28247
7/19/2005,28444
7/20/2005,28576
7/21/2005,28381
7/22/2005,28535
7/25/2005,28426
7/26/2005,28478
7/27/2005,28610
7/28/2005,28788
7/29/2005,28582
8/1/2005,28615
8/2/2005,28823
8/3/2005,28843
8/4/2005,28632
8/5/2005,28401
8/8/2005,28309
8/9/2005,28492
8/10/2005,28457
8/11/2005,28661
8/12/2005,28506
8/15/2005,28582
8/16/2005,28258
8/17/2005,28277
8/18/2005,28249
8/19/2005,28271
8/22/2005,28314
8/23/2005,28229
8/24/2005,28062
8/25/2005,28126
8/26/2005,27954
8/29/2005,28127
8/30/2005,28049
8/31/2005,28347
9/1/2005,28381
9/2/2005,28294
9/6/2005,28643
9/7/2005,28723
9/8/2005,28618
9/9/2005,28839
9/12/2005,28819
9/13/2005,28611
9/14/2005,28517
9/15/2005,28529
9/16/2005,28746
9/19/2005,28596
9/20/2005,28378
9/21/2005,28112
9/22/2005,28209
9/23/2005,28232
9/26/2005,28252
9/27/2005,28247
9/28/2005,28278
9/29/2005,28527
9/30/2005,28579
10/3/2005,28557
10/4/2005,28270
10/5/2005,27848
10/6/2005,27716
10/7/2005,27824
10/10/2005,27630
10/11/2005,27575
10/12/2005,27388
10/13/2005,27355
10/14/2005,27595
10/17/2005,27684
10/18/2005,27398
10/19/2005,27802
10/20/2005,27391
10/21/2005,27471
10/24/2005,27934
10/25/2005,27873
10/26/2005,27747
10/27/2005,27442
10/28/2005,27892
10/31/2005,28117
11/1/2005,28035
11/2/2005,28328
11/3/2005,28464
11/4/2005,28467
11/7/2005,28529
11/8/2005,28445
11/9/2005,28489
11/10/2005,28725
11/11/2005,28812
11/14/2005,28796
11/15/2005,28688
11/16/2005,28745
11/17/2005,29028
11/18/2005,29149
11/21/2005,29310
11/22/2005,29462
11/23/2005,29566
11/25/2005,29628
11/28/2005,29360
11/29/2005,29366
11/30/2005,29204
12/1/2005,29571
12/2/2005,29584
12/5/2005,29508
12/6/2005,29541
12/7/2005,29403
12/8/2005,29388
12/9/2005,29466
12/12/2005,29498
12/13/2005,29650
12/14/2005,29771
12/15/2005,29726
12/16/2005,29636
12/19/2005,29453
12/20/2005,29458
12/21/2005,29537
12/22/2005,29674
12/23/2005,29693
12/27/2005,29408
12/28/2005,29462
12/29/2005,29378
12/30/2005,29242
1/3/2006,29719
1/4/2006,29846
1/5/2006,29848
1/6/2006,30146
1/9/2006,30264
1/10/2006,30266
1/11/2006,30371
1/12/2006,30179
1/13/2006,30214
1/17/2006,30111
1/18/2006,29992
1/19/2006,30164
1/20/2006,29614
1/23/2006,29679
1/24/2006,29766
1/25/2006,29693
1/26/2006,29900
1/27/2006,30127
1/30/2006,30169
1/31/2006,30079
2/1/2006,30114
2/2/2006,29849
2/3/2006,29693
2/6/2006,29723
2/7/2006,29466
2/8/2006,29710
2/9/2006,29659
2/10/2006,29728
2/13/2006,29613
2/14/2006,29896
2/15/2006,30010
2/16/2006,30240
2/17/2006,30197
2/21/2006,30105
2/22/2006,30324
2/23/2006,30231
2/24/2006,30280
2/27/2006,30396
2/28/2006,30078
3/1/2006,30341
3/2/2006,30301
3/3/2006,30256
3/6/2006,30042
3/7/2006,29963
3/8/2006,30017
3/9/2006,29873
3/10/2006,30080
3/13/2006,30152
3/14/2006,30464
3/15/2006,30598
3/16/2006,30645
3/17/2006,30694
3/20/2006,30649
3/21/2006,30457
3/22/2006,30636
3/23/2006,30571
3/24/2006,30619
3/27/2006,30587
3/28/2006,30407
3/29/2006,30655
3/30/2006,30604
3/31/2006,30499
4/3/2006,30558
4/4/2006,30741
4/5/2006,30879
4/6/2006,30828
4/7/2006,30516
4/10/2006,30532
4/11/2006,30300
4/12/2006,30335
4/13/2006,30362
4/17/2006,30280
4/18/2006,30799
4/19/2006,30877
4/20/2006,30908
4/21/2006,30900
4/24/2006,30828
4/25/2006,30677
4/26/2006,30747
4/27/2006,30853
4/28/2006,30882
5/1/2006,30766
5/2/2006,30939
5/3/2006,30827
5/4/2006,30936
5/5/2006,31260
5/8/2006,31247
5/9/2006,31254
5/10/2006,31215
5/11/2006,30832
5/12/2006,30472
5/15/2006,30529
5/16/2006,30478
5/17/2006,29974
5/18/2006,29769
5/19/2006,29884
5/22/2006,29754
5/23/2006,29624
5/24/2006,29655
5/25/2006,30003
5/26/2006,30186
5/30/2006,29716
5/31/2006,29982
6/1/2006,30357
6/2/2006,30421
6/5/2006,29879
6/6/2006,29821
6/7/2006,29641
6/8/2006,29666
6/9/2006,29549
6/12/2006,29153
6/13/2006,28845
6/14/2006,28991
6/15/2006,29635
6/16/2006,29531
6/19/2006,29254
6/20/2006,29238
6/21/2006,29545
6/22/2006,29397
6/23/2006,29399
6/26/2006,29539
6/27/2006,29272
6/28/2006,29431
6/29/2006,30073
6/30/2006,30031
7/3/2006,30271
7/5/2006,30041
7/6/2006,30121
7/7/2006,29913
7/10/2006,29947
7/11/2006,30064
7/12/2006,29745
7/13/2006,29357
7/14/2006,29205
7/17/2006,29156
7/18/2006,29207
7/19/2006,29758
7/20/2006,29479
7/21/2006,29251
7/24/2006,29746
7/25/2006,29959
7/26/2006,29953
7/27/2006,29818
7/28/2006,30183
7/31/2006,30151
8/1/2006,30008
8/2/2006,30195
8/3/2006,30250
8/4/2006,30222
8/7/2006,30136
8/8/2006,30027
8/9/2006,29900
8/10/2006,30038
8/11/2006,29917
8/14/2006,29949
8/15/2006,30367
8/16/2006,30626
8/17/2006,30671
8/18/2006,30783
8/21/2006,30668
8/22/2006,30697
8/23/2006,30552
8/24/2006,30621
8/25/2006,30603
8/28/2006,30762
8/29/2006,30831
8/30/2006,30851
8/31/2006,30856
9/1/2006,31024
9/5/2006,31085
9/6/2006,30769
9/7/2006,30624
9/8/2006,30730
9/11/2006,30735
9/12/2006,31062
9/13/2006,31198
9/14/2006,31151
9/15/2006,31228
9/18/2006,31258
9/19/2006,31185
9/20/2006,31340
9/21/2006,31178
9/22/2006,31093
9/25/2006,31359
9/26/2006,31595
9/27/2006,31623
9/28/2006,31683
9/29/2006,31612
10/2/2006,31499
10/3/2006,31549
10/4/2006,31934
10/5/2006,32042
10/6/2006,31947
10/9/2006,31987
10/10/2006,32062
10/11/2006,31977
10/12/2006,32287
10/13/2006,32362
10/16/2006,32457
10/17/2006,32330
10/18/2006,32372
10/19/2006,32404
10/20/2006,32422
10/23/2006,32616
10/24/2006,32627
10/25/2006,32747
10/26/2006,32936
10/27/2006,32660
10/30/2006,32672
10/31/2006,32677
11/1/2006,32435
11/2/2006,32428
11/3/2006,32376
11/6/2006,32746
11/7/2006,32814
11/8/2006,32905
11/9/2006,32739
11/10/2006,32802
11/13/2006,32888
11/14/2006,33100
11/15/2006,33199
11/16/2006,33265
11/17/2006,33299
11/20/2006,33301
11/21/2006,33369
11/22/2006,33459
11/24/2006,33352
11/27/2006,32887
11/28/2006,33003
11/29/2006,33330
11/30/2006,33370
12/1/2006,33292
12/4/2006,33588
12/5/2006,33718
12/6/2006,33691
12/7/2006,33556
12/8/2006,33612
12/11/2006,33685
12/12/2006,33648
12/13/2006,33693
12/14/2006,33978
12/15/2006,34015
12/18/2006,33891
12/19/2006,33961
12/20/2006,33913
12/21/2006,33790
12/22/2006,33622
12/26/2006,33763
12/27/2006,34007
12/28/2006,33961
12/29/2006,33811
1/3/2007,33777
1/4/2007,33825
1/5/2007,33613
1/8/2007,33701
1/9/2007,33700
1/10/2007,33787
1/11/2007,34016
1/12/2007,34184
1/16/2007,34209
1/17/2007,34183
1/18/2007,34071
1/19/2007,34181
1/22/2007,34008
1/23/2007,34132
1/24/2007,34427
1/25/2007,34043
1/26/2007,34008
1/29/2007,33989
1/30/2007,34186
1/31/2007,34423
2/1/2007,34615
2/2/2007,34674
2/5/2007,34647
2/6/2007,34678
2/7/2007,34750
2/8/2007,34710
2/9/2007,34460
2/12/2007,34336
2/13/2007,34605
2/14/2007,34875
2/15/2007,34914
2/16/2007,34897
2/20/2007,35007
2/21/2007,34966
2/22/2007,34944
2/23/2007,34827
2/26/2007,34788
2/27/2007,33606
2/28/2007,33795
3/1/2007,33710
3/2/2007,33318
3/5/2007,32979
3/6/2007,33495
3/7/2007,33429
3/8/2007,33673
3/9/2007,33701
3/12/2007,33794
3/13/2007,33124
3/14/2007,33329
3/15/2007,33463
3/16/2007,33332
3/19/2007,33704
3/20/2007,33920
3/21/2007,34491
3/22/2007,34485
3/23/2007,34520
3/26/2007,34545
3/27/2007,34338
3/28/2007,34082
3/29/2007,34201
3/30/2007,34171
4/2/2007,34265
4/3/2007,34585
4/4/2007,34626
4/5/2007,34743
4/9/2007,34768
4/10/2007,34861
4/11/2007,34638
4/12/2007,34848
4/13/2007,34970
4/16/2007,35330
4/17/2007,35396
4/18/2007,35415
4/19/2007,35361
4/20/2007,35677
4/23/2007,35606
4/24/2007,35591
4/25/2007,35941
4/26/2007,35926
4/27/2007,35910
4/30/2007,35617
5/1/2007,35703
5/2/2007,35955
5/3/2007,36119
5/4/2007,36199
5/7/2007,36286
5/8/2007,36244
5/9/2007,36382
5/10/2007,35884
5/11/2007,36237
5/14/2007,36162
5/15/2007,36104
5/16/2007,36411
5/17/2007,36385
5/18/2007,36618
5/21/2007,36697
5/22/2007,36691
5/23/2007,36644
5/24/2007,36272
5/25/2007,36471
5/29/2007,36551
5/30/2007,36867
5/31/2007,36890
6/1/2007,37031
6/4/2007,37109
6/5/2007,36911
6/6/2007,36583
6/7/2007,35936
6/8/2007,36336
6/11/2007,36377
6/12/2007,36002
6/13/2007,36539
6/14/2007,36719
6/15/2007,36958
6/18/2007,36911
6/19/2007,36973
6/20/2007,36480
6/21/2007,36710
6/22/2007,36259
6/25/2007,36123
6/26/2007,36002
6/27/2007,36337
6/28/2007,36330
6/29/2007,36282
7/2/2007,36679
7/3/2007,36815
7/5/2007,36843
7/6/2007,36987
7/9/2007,37018
7/10/2007,36503
7/11/2007,36711
7/12/2007,37385
7/13/2007,37507
7/16/2007,37428
7/17/2007,37427
7/18/2007,37355
7/19/2007,37524
7/20/2007,37083
7/23/2007,37242
7/24/2007,36508
7/25/2007,36655
7/26/2007,35804
7/27/2007,35254
7/30/2007,35610
7/31/2007,35180
8/1/2007,35401
8/2/2007,35573
8/3/2007,34648
8/6/2007,35430
8/7/2007,35667
8/8/2007,36181
8/9/2007,35148
8/10/2007,35136
8/13/2007,35136
8/14/2007,34504
8/15/2007,34018
8/16/2007,34095
8/17/2007,34932
8/20/2007,34947
8/21/2007,34996
8/22/2007,35413
8/23/2007,35378
8/24/2007,35791
8/27/2007,35485
8/28/2007,34668
8/29/2007,35424
8/30/2007,35288
8/31/2007,35690
9/4/2007,36080
9/5/2007,35698
9/6/2007,35850
9/7/2007,35257
9/10/2007,35195
9/11/2007,35668
9/12/2007,35678
9/13/2007,35965
9/14/2007,35987
9/17/2007,35795
9/18/2007,36816
9/19/2007,37030
9/20/2007,36799
9/21/2007,36966
9/24/2007,36787
9/25/2007,36780
9/26/2007,36986
9/27/2007,37153
9/28/2007,37052
10/1/2007,37536
10/2/2007,37538
10/3/2007,37370
10/4/2007,37451
10/5/2007,37829
10/8/2007,37721
10/9/2007,38025
10/10/2007,37989
10/11/2007,37794
10/12/2007,37986
10/15/2007,37668
10/16/2007,37427
10/17/2007,37506
10/18/2007,37482
10/19/2007,36535
10/22/2007,36677
10/23/2007,37002
10/24/2007,36916
10/25/2007,36874
10/26/2007,37363
10/29/2007,37519
10/30/2007,37279
10/31/2007,37739
11/1/2007,36784
11/2/2007,36815
11/5/2007,36618
11/6/2007,37055
11/7/2007,36027
11/8/2007,36005
11/9/2007,35483
11/12/2007,35095
11/13/2007,36103
11/14/2007,35876
11/15/2007,35423
11/16/2007,35614
11/19/2007,35002
11/20/2007,35142
11/21/2007,34600
11/23/2007,35161
11/26/2007,34397
11/27/2007,34892
11/28/2007,35885
11/29/2007,35917
11/30/2007,36197
12/3/2007,36010
12/4/2007,35787
12/5/2007,36331
12/6/2007,36878
12/7/2007,36839
12/10/2007,37118
12/11/2007,36192
12/12/2007,36381
12/13/2007,36422
12/14/2007,35932
12/17/2007,35374
12/18/2007,35580
12/19/2007,35545
12/20/2007,35744
12/21/2007,36327
12/24/2007,36627
12/26/2007,36658
12/27/2007,36155
12/28/2007,36210
12/31/2007,35976
1/2/2008,35480
1/3/2008,35468
1/4/2008,34586
1/7/2008,34664
1/8/2008,34043
1/9/2008,34469
1/10/2008,34752
1/11/2008,34282
1/14/2008,34639
1/15/2008,33784
1/16/2008,33591
1/17/2008,32641
1/18/2008,32456
1/22/2008,32121
1/23/2008,32799
1/24/2008,33151
1/25/2008,32646
1/28/2008,33219
1/29/2008,33423
1/30/2008,33250
1/31/2008,33806
2/1/2008,34247
2/4/2008,33903
2/5/2008,32855
2/6/2008,32602
2/7/2008,32854
2/8/2008,32747
2/11/2008,32949
2/12/2008,33168
2/13/2008,33633
2/14/2008,33188
2/15/2008,33212
2/19/2008,33188
2/20/2008,33462
2/21/2008,33044
2/22/2008,33296
2/25/2008,33763
2/26/2008,33994
2/27/2008,33956
2/28/2008,33665
2/29/2008,32774
3/3/2008,32785
3/4/2008,32668
3/5/2008,32864
3/6/2008,32140
3/7/2008,31861
3/10/2008,31345
3/11/2008,32480
3/12/2008,32209
3/13/2008,32383
3/14/2008,31721
3/17/2008,31395
3/18/2008,32692
3/19/2008,31909
3/20/2008,32645
3/24/2008,33163
3/25/2008,33270
3/26/2008,33000
3/27/2008,32638
3/28/2008,32399
3/31/2008,32579
4/1/2008,33711
4/2/2008,33667
4/3/2008,33727
4/4/2008,33779
4/7/2008,33842
4/8/2008,33700
4/9/2008,33422
4/10/2008,33591
4/11/2008,32921
4/14/2008,32818
4/15/2008,32962
4/16/2008,33715
4/17/2008,33720
4/18/2008,34309
4/21/2008,34272
4/22/2008,33972
4/23/2008,34069
4/24/2008,34266
4/25/2008,34499
4/28/2008,34470
4/29/2008,34333
4/30/2008,34223
5/1/2008,34778
5/2/2008,34893
5/5/2008,34759
5/6/2008,35033
5/7/2008,34441
5/8/2008,34588
5/9/2008,34373
5/12/2008,34726
5/13/2008,34747
5/14/2008,34882
5/15/2008,35256
5/16/2008,35330
5/19/2008,35346
5/20/2008,35050
5/21/2008,34489
5/22/2008,34587
5/23/2008,34155
5/27/2008,34387
5/28/2008,34558
5/29/2008,34745
5/30/2008,34834
6/2/2008,34492
6/3/2008,34319
6/4/2008,34317
6/5/2008,34995
6/6/2008,33966
6/9/2008,33985
6/10/2008,33873
6/11/2008,33323
6/12/2008,33416
6/13/2008,33920
6/16/2008,33950
6/17/2008,33761
6/18/2008,33438
6/19/2008,33553
6/20/2008,32948
6/23/2008,32946
6/24/2008,32824
6/25/2008,33019
6/26/2008,32080
6/27/2008,31974
6/30/2008,32007
7/1/2008,32120
7/2/2008,31505
7/3/2008,31486
7/7/2008,31222
7/8/2008,31759
7/9/2008,31076
7/10/2008,31301
7/11/2008,30973
7/14/2008,30710
7/15/2008,30375
7/16/2008,31106
7/17/2008,31461
7/18/2008,31467
7/21/2008,31498
7/22/2008,31891
7/23/2008,31995
7/24/2008,31235
7/25/2008,31374
7/28/2008,30817
7/29/2008,31515
7/30/2008,32053
7/31/2008,31638
8/1/2008,31466
8/4/2008,31134
8/5/2008,31983
8/6/2008,32134
8/7/2008,31582
8/8/2008,32292
8/11/2008,32523
8/12/2008,32151
8/13/2008,32095
8/14/2008,32278
8/15/2008,32405
8/18/2008,31926
8/19/2008,31643
8/20/2008,31843
8/21/2008,31917
8/22/2008,32268
8/25/2008,31643
8/26/2008,31761
8/27/2008,32025
8/28/2008,32494
8/29/2008,32064
9/2/2008,31908
9/3/2008,31821
9/4/2008,30901
9/5/2008,31034
9/8/2008,31619
9/9/2008,30526
9/10/2008,30737
9/11/2008,31148
9/12/2008,31267
9/15/2008,29811
9/16/2008,30330
9/17/2008,28928
9/18/2008,30160
9/19/2008,31437
9/22/2008,30192
9/23/2008,29727
9/24/2008,29669
9/25/2008,30220
9/26/2008,30283
9/29/2008,27669
9/30/2008,29114
10/1/2008,28985
10/2/2008,27771
10/3/2008,27393
10/6/2008,26296
10/7/2008,24789
10/8/2008,24525
10/9/2008,22702
10/10/2008,22427
10/13/2008,25037
10/14/2008,24862
10/15/2008,22616
10/16/2008,23552
10/17/2008,23472
10/20/2008,24588
10/21/2008,23840
10/22/2008,22399
10/23/2008,22602
10/24/2008,21842
10/27/2008,21119
10/28/2008,23314
10/29/2008,23148
10/30/2008,23776
10/31/2008,24154
11/3/2008,24097
11/4/2008,25058
11/5/2008,23766
11/6/2008,22578
11/7/2008,23230
11/10/2008,22922
11/11/2008,22402
11/12/2008,21247
11/13/2008,22702
11/14/2008,21762
11/17/2008,21208
11/18/2008,21400
11/19/2008,20064
11/20/2008,18694
11/21/2008,19884
11/24/2008,21161
11/25/2008,21333
11/26/2008,22128
11/28/2008,22350
12/1/2008,20350
12/2/2008,21160
12/3/2008,21711
12/4/2008,21057
12/5/2008,21835
12/8/2008,22690
12/9/2008,22185
12/10/2008,22469
12/11/2008,21816
12/12/2008,21990
12/15/2008,21699
12/16/2008,22818
12/17/2008,22632
12/18/2008,22158
12/19/2008,22225
12/22/2008,21813
12/23/2008,21629
12/24/2008,21741
12/26/2008,21866
12/29/2008,21774
12/30/2008,22300
12/31/2008,22644
1/2/2009,23369
1/5/2009,23295
1/6/2009,23488
1/7/2009,22797
1/8/2009,22895
1/9/2009,22412
1/12/2009,21891
1/13/2009,21952
1/14/2009,21214
1/15/2009,21267
1/16/2009,21430
1/20/2009,20293
1/21/2009,21167
1/22/2009,20843
1/23/2009,20958
1/26/2009,21066
1/27/2009,21292
1/28/2009,22012
1/29/2009,21291
1/30/2009,20822
2/2/2009,20818
2/3/2009,21138
2/4/2009,21013
2/5/2009,21352
2/6/2009,21942
2/9/2009,21972
2/10/2009,20926
2/11/2009,21092
2/12/2009,21144
2/13/2009,20945
2/17/2009,19999
2/18/2009,19962
2/19/2009,19735
2/20/2009,19523
2/23/2009,18842
2/24/2009,19604
2/25/2009,19409
2/26/2009,19103
2/27/2009,18693
3/2/2009,17805
3/3/2009,17701
3/4/2009,18133
3/5/2009,17372
3/6/2009,17398
3/9/2009,17228
3/10/2009,18338
3/11/2009,18385
3/12/2009,19133
3/13/2009,19265
3/16/2009,19176
3/17/2009,19784
3/18/2009,20192
3/19/2009,19959
3/20/2009,19566
3/23/2009,20923
3/24/2009,20502
3/25/2009,20691
3/26/2009,21194
3/27/2009,20753
3/30/2009,20045
3/31/2009,20308
4/1/2009,20633
4/2/2009,21229
4/3/2009,21450
4/6/2009,21272
4/7/2009,20766
4/8/2009,21012
4/9/2009,21799
4/13/2009,21847
4/14/2009,21416
4/15/2009,21669
4/16/2009,22010
4/17/2009,22111
4/20/2009,21178
4/21/2009,21616
4/22/2009,21454
4/23/2009,21643
4/24/2009,22015
4/27/2009,21810
4/28/2009,21756
4/29/2009,22242
4/30/2009,22228
5/1/2009,22336
5/4/2009,23082
5/5/2009,22999
5/6/2009,23366
5/7/2009,23049
5/8/2009,23589
5/11/2009,23100
5/12/2009,23071
5/13/2009,22460
5/14/2009,22692
5/15/2009,22447
5/18/2009,23132
5/19/2009,23109
5/20/2009,23008
5/21/2009,22624
5/22/2009,22591
5/26/2009,23186
5/27/2009,22765
5/28/2009,23104
5/29/2009,23412
6/1/2009,24020
6/2/2009,24072
6/3/2009,23733
6/4/2009,23998
6/5/2009,23943
6/8/2009,23913
6/9/2009,24016
6/10/2009,23936
6/11/2009,24097
6/12/2009,24120
6/15/2009,23557
6/16/2009,23251
6/17/2009,23218
6/18/2009,23406
6/19/2009,23478
6/22/2009,22770
6/23/2009,22815
6/24/2009,22982
6/25/2009,23457
6/26/2009,23433
6/29/2009,23647
6/30/2009,23470
7/1/2009,23571
7/2/2009,22908
7/6/2009,22939
7/7/2009,22490
7/8/2009,22470
7/9/2009,22545
7/10/2009,22456
7/13/2009,23009
7/14/2009,23135
7/15/2009,23812
7/16/2009,24019
7/17/2009,24014
7/20/2009,24287
7/21/2009,24387
7/22/2009,24381
7/23/2009,24944
7/24/2009,25023
7/27/2009,25092
7/28/2009,25026
7/29/2009,24910
7/30/2009,25208
7/31/2009,25218
8/3/2009,25618
8/4/2009,25689
8/5/2009,25632
8/6/2009,25491
8/7/2009,25831
8/10/2009,25734
8/11/2009,25418
8/12/2009,25709
8/13/2009,25882
8/14/2009,25666
8/17/2009,25049
8/18/2009,25311
8/19/2009,25484
8/20/2009,25751
8/21/2009,26218
8/24/2009,26202
8/25/2009,26256
8/26/2009,26257
8/27/2009,26328
8/28/2009,26288
8/31/2009,26077
9/1/2009,25511
9/2/2009,25432
9/3/2009,25649
9/4/2009,25980
9/8/2009,26222
9/9/2009,26427
9/10/2009,26698
9/11/2009,26673
9/14/2009,26838
9/15/2009,26926
9/16/2009,27338
9/17/2009,27262
9/18/2009,27325
9/21/2009,27241
9/22/2009,27428
9/23/2009,27142
9/24/2009,26879
9/25/2009,26715
9/28/2009,27194
9/29/2009,27145
9/30/2009,27059
10/1/2009,26363
10/2/2009,26246
10/5/2009,26635
10/6/2009,26996
10/7/2009,27080
10/8/2009,27290
10/9/2009,27442
10/12/2009,27560
10/13/2009,27487
10/14/2009,27964
10/15/2009,28079
10/16/2009,27847
10/19/2009,28107
10/20/2009,27932
10/21/2009,27690
10/22/2009,27977
10/23/2009,27657
10/26/2009,27338
10/27/2009,27239
10/28/2009,26697
10/29/2009,27289
10/30/2009,26535
11/2/2009,26703
11/3/2009,26790
11/4/2009,26826
11/5/2009,27341
11/6/2009,27408
11/9/2009,28011
11/10/2009,28018
11/11/2009,28157
11/12/2009,27870
11/13/2009,28033
11/16/2009,28437
11/17/2009,28473
11/18/2009,28461
11/19/2009,28078
11/20/2009,27989
11/23/2009,28356
11/24/2009,28340
11/25/2009,28471
11/27/2009,27988
11/30/2009,28097
12/1/2009,28440
12/2/2009,28461
12/3/2009,28224
12/4/2009,28377
12/7/2009,28305
12/8/2009,28024
12/9/2009,28123
12/10/2009,28292
12/11/2009,28402
12/14/2009,28611
12/15/2009,28459
12/16/2009,28502
12/17/2009,28169
12/18/2009,28345
12/21/2009,28633
12/22/2009,28743
12/23/2009,28824
12/24/2009,28977
12/28/2009,29014
12/29/2009,28973
12/30/2009,28978
12/31/2009,28690
1/4/2010,29152
1/5/2010,29242
1/6/2010,29275
1/7/2010,29388
1/8/2010,29473
1/11/2010,29515
1/12/2010,29231
1/13/2010,29480
1/14/2010,29545
1/15/2010,29224
1/19/2010,29588
1/20/2010,29300
1/21/2010,28779
1/22/2010,28145
1/25/2010,28268
1/26/2010,28145
1/27/2010,28291
1/28/2010,27971
1/29/2010,27698
2/1/2010,28087
2/2/2010,28441
2/3/2010,28291
2/4/2010,27410
2/5/2010,27494
2/8/2010,27269
2/9/2010,27616
2/10/2010,27562
2/11/2010,27849
2/12/2010,27802
2/16/2010,28299
2/17/2010,28431
2/18/2010,28620
2/19/2010,28685
2/22/2010,28656
2/23/2010,28304
2/24/2010,28580
2/25/2010,28536
2/26/2010,28578
3/1/2010,28878
3/2/2010,28953
3/3/2010,28968
3/4/2010,29068
3/5/2010,29470
3/8/2010,29476
3/9/2010,29527
3/10/2010,29669
3/11/2010,29795
3/12/2010,29796
3/15/2010,29799
3/16/2010,30038
3/17/2010,30212
3/18/2010,30191
3/19/2010,30030
3/22/2010,30194
3/23/2010,30417
3/24/2010,30253
3/25/2010,30190
3/26/2010,30208
3/29/2010,30391
3/30/2010,30395
3/31/2010,30295
4/1/2010,30521
4/5/2010,30779
4/6/2010,30835
4/7/2010,30667
4/8/2010,30764
4/9/2010,30976
4/12/2010,31027
4/13/2010,31056
4/14/2010,31403
4/15/2010,31416
4/16/2010,30917
4/19/2010,31039
4/20/2010,31294
4/21/2010,31261
4/22/2010,31339
4/23/2010,31568
4/26/2010,31435
4/27/2010,30704
4/28/2010,30901
4/29/2010,31304
4/30/2010,30791
5/3/2010,31193
5/4/2010,30442
5/5/2010,30242
5/6/2010,29266
5/7/2010,28805
5/10/2010,30076
5/11/2010,29984
5/12/2010,30420
5/13/2010,30063
5/14/2010,29493
5/17/2010,29528
5/18/2010,29113
5/19/2010,28961
5/20/2010,27829
5/21/2010,28248
5/24/2010,27891
5/25/2010,27901
5/26/2010,27759
5/27/2010,28694
5/28/2010,28346
6/1/2010,27853
6/2/2010,28577
6/3/2010,28704
6/4/2010,27713
6/7/2010,27333
6/8/2010,27625
6/9/2010,27474
6/10/2010,28280
6/11/2010,28428
6/14/2010,28387
6/15/2010,29051
6/16/2010,29029
6/17/2010,29066
6/18/2010,29097
6/21/2010,28982
6/22/2010,28515
6/23/2010,28429
6/24/2010,27953
6/25/2010,28042
6/28/2010,27988
6/29/2010,27116
6/30/2010,26852
7/1/2010,26759
7/2/2010,26634
7/6/2010,26767
7/7/2010,27624
7/8/2010,27884
7/9/2010,28086
7/12/2010,28096
7/13/2010,28535
7/14/2010,28532
7/15/2010,28562
7/16/2010,27744
7/19/2010,27910
7/20/2010,28238
7/21/2010,27878
7/22/2010,28509
7/23/2010,28753
7/26/2010,29081
7/27/2010,29039
7/28/2010,28837
7/29/2010,28718
7/30/2010,28729
8/2/2010,29361
8/3/2010,29221
8/4/2010,29414
8/5/2010,29375
8/6/2010,29276
8/9/2010,29437
8/10/2010,29245
8/11/2010,28435
8/12/2010,28294
8/13/2010,28181
8/16/2010,28190
8/17/2010,28548
8/18/2010,28597
8/19/2010,28118
8/20/2010,28019
8/23/2010,27904
8/24/2010,27498
8/25/2010,27599
8/26/2010,27385
8/27/2010,27852
8/30/2010,27451
8/31/2010,27467
9/1/2010,28279
9/2/2010,28541
9/3/2010,28917
9/7/2010,28584
9/8/2010,28771
9/9/2010,28906
9/10/2010,29042
9/13/2010,29385
9/14/2010,29365
9/15/2010,29471
9/16/2010,29468
9/17/2010,29488
9/20/2010,29935
9/21/2010,29854
9/22/2010,29717
9/23/2010,29476
9/24/2010,30100
9/27/2010,29941
9/28/2010,30091
9/29/2010,30021
9/30/2010,29936
10/1/2010,30068
10/4/2010,29832
10/5/2010,30444
10/6/2010,30429
10/7/2010,30382
10/8/2010,30573
10/11/2010,30580
10/12/2010,30701
10/13/2010,30920
10/14/2010,30805
10/15/2010,30868
10/18/2010,31084
10/19/2010,30586
10/20/2010,30919
10/21/2010,30970
10/22/2010,31048
10/25/2010,31118
10/26/2010,31128
10/27/2010,31058
10/28/2010,31095
10/29/2010,31095
11/1/2010,31130
11/2/2010,31375
11/3/2010,31492
11/4/2010,32101
11/5/2010,32225
11/8/2010,32170
11/9/2010,31918
11/10/2010,32074
11/11/2010,31947
11/12/2010,31562
11/15/2010,31528
11/16/2010,31020
11/17/2010,31040
11/18/2010,31515
11/19/2010,31606
11/22/2010,31571
11/23/2010,31125
11/24/2010,31597
11/26/2010,31375
11/29/2010,31338
11/30/2010,31149
12/1/2010,31816
12/2/2010,32212
12/3/2010,32307
12/6/2010,32272
12/7/2010,32281
12/8/2010,32389
12/9/2010,32522
12/10/2010,32720
12/13/2010,32722
12/14/2010,32750
12/15/2010,32581
12/16/2010,32789
12/17/2010,32825
12/20/2010,32914
12/21/2010,33123
12/22/2010,33238
12/23/2010,33186
12/27/2010,33210
12/28/2010,33234
12/29/2010,33285
12/30/2010,33242
12/31/2010,33231
1/3/2011,33606
1/4/2011,33551
1/5/2011,33726
1/6/2011,33667
1/7/2011,33610
1/10/2011,33574
1/11/2011,33704
1/12/2011,34004
1/13/2011,33947
1/14/2011,34193
1/18/2011,34250
1/19/2011,33885
1/20/2011,33826
1/21/2011,33894
1/24/2011,34098
1/25/2011,34112
1/26/2011,34271
1/27/2011,34354
1/28/2011,33746
1/31/2011,34004
2/1/2011,34567
2/2/2011,34474
2/3/2011,34558
2/4/2011,34648
2/7/2011,34874
2/8/2011,35027
2/9/2011,34929
2/10/2011,34961
2/11/2011,35163
2/14/2011,35271
2/15/2011,35151
2/16/2011,35376
2/17/2011,35486
2/18/2011,35540
2/22/2011,34807
2/23/2011,34590
2/24/2011,34561
2/25/2011,34955
2/28/2011,35144
3/1/2011,34589
3/2/2011,34655
3/3/2011,35251
3/4/2011,34990
3/7/2011,34692
3/8/2011,35007
3/9/2011,34961
3/10/2011,34304
3/11/2011,34552
3/14/2011,34349
3/15/2011,33973
3/16/2011,33334
3/17/2011,33764
3/18/2011,33908
3/21/2011,34420
3/22/2011,34299
3/23/2011,34393
3/24/2011,34715
3/25/2011,34835
3/28/2011,34732
3/29/2011,34990
3/30/2011,35246
3/31/2011,35194
4/1/2011,35374
4/4/2011,35392
4/5/2011,35395
4/6/2011,35476
4/7/2011,35412
4/8/2011,35266
4/11/2011,35152
4/12/2011,34869
4/13/2011,34891
4/14/2011,34894
4/15/2011,35040
4/18/2011,34646
4/19/2011,34845
4/20/2011,35326
4/21/2011,35515
4/25/2011,35465
4/26/2011,35784
4/27/2011,36016
4/28/2011,36141
4/29/2011,36229
5/2/2011,36156
5/3/2011,36016
5/4/2011,35778
5/5/2011,35466
5/6/2011,35604
5/9/2011,35789
5/10/2011,36076
5/11/2011,35694
5/12/2011,35866
5/13/2011,35572
5/16/2011,35346
5/17/2011,35330
5/18/2011,35661
5/19/2011,35737
5/20/2011,35469
5/23/2011,35041
5/24/2011,35013
5/25/2011,35141
5/26/2011,35304
5/27/2011,35463
5/31/2011,35834
6/1/2011,35027
6/2/2011,34988
6/3/2011,34648
6/6/2011,34260
6/7/2011,34236
6/8/2011,34091
6/9/2011,34334
6/10/2011,33853
6/13/2011,33877
6/14/2011,34307
6/15/2011,33718
6/16/2011,33772
6/17/2011,33871
6/20/2011,34054
6/21/2011,34530
6/22/2011,34314
6/23/2011,34227
6/24/2011,33832
6/27/2011,34131
6/28/2011,34584
6/29/2011,34876
6/30/2011,35218
7/1/2011,35729
7/5/2011,35694
7/6/2011,35748
7/7/2011,36122
7/8/2011,35879
7/11/2011,35218
7/12/2011,35067
7/13/2011,35185
7/14/2011,34939
7/15/2011,35153
7/18/2011,34858
7/19/2011,35428
7/20/2011,35412
7/21/2011,35886
7/22/2011,35933
7/25/2011,35723
7/26/2011,35573
7/27/2011,34837
7/28/2011,34736
7/29/2011,34521
8/1/2011,34383
8/2/2011,33495
8/3/2011,33677
8/4/2011,32025
8/5/2011,31965
8/8/2011,29800
8/9/2011,31255
8/10/2011,29926
8/11/2011,31323
8/12/2011,31484
8/15/2011,32186
8/16/2011,31867
8/17/2011,31895
8/18/2011,30464
8/19/2011,29996
8/22/2011,29995
8/23/2011,31025
8/24/2011,31432
8/25/2011,30930
8/26/2011,31422
8/29/2011,32334
8/30/2011,32423
8/31/2011,32581
9/1/2011,32193
9/2/2011,31376
9/6/2011,31142
9/7/2011,32057
9/8/2011,31716
9/9/2011,30871
9/12/2011,31082
9/13/2011,31386
9/14/2011,31820
9/15/2011,32360
9/16/2011,32521
9/19/2011,32205
9/20/2011,32127
9/21/2011,31186
9/22/2011,30176
9/23/2011,30365
9/26/2011,31060
9/27/2011,31402
9/28/2011,30743
9/29/2011,30983
9/30/2011,30215
10/3/2011,29320
10/4/2011,30003
10/5/2011,30557
10/6/2011,31135
10/7/2011,30860
10/10/2011,31916
10/11/2011,31928
10/12/2011,32248
10/13/2011,32170
10/14/2011,32731
10/17/2011,32098
10/18/2011,32758
10/19/2011,32340
10/20/2011,32487
10/21/2011,33090
10/24/2011,33549
10/25/2011,32871
10/26/2011,33218
10/27/2011,34356
10/28/2011,34366
10/31/2011,33525
11/1/2011,32578
11/2/2011,33110
11/3/2011,33740
11/4/2011,33550
11/7/2011,33745
11/8/2011,34152
11/9/2011,32897
11/10/2011,33167
11/11/2011,33810
11/14/2011,33500
11/15/2011,33675
11/16/2011,33129
11/17/2011,32576
11/18/2011,32562
11/21/2011,31966
11/22/2011,31837
11/23/2011,31132
11/25/2011,31058
11/28/2011,31967
11/29/2011,32048
11/30/2011,33436
12/1/2011,33370
12/2/2011,33374
12/5/2011,33720
12/6/2011,33746
12/7/2011,33819
12/8/2011,33097
12/9/2011,33658
12/12/2011,33153
12/13/2011,32855
12/14/2011,32478
12/15/2011,32594
12/16/2011,32725
12/19/2011,32330
12/20/2011,33298
12/21/2011,33369
12/22/2011,33659
12/23/2011,33958
12/27/2011,33962
12/28/2011,33534
12/29/2011,33896
12/30/2011,33761
1/3/2012,34276
1/4/2012,34284
1/5/2012,34404
1/6/2012,34337
1/9/2012,34418
1/10/2012,34727
1/11/2012,34751
1/12/2012,34835
1/13/2012,34667
1/17/2012,34787
1/18/2012,35180
1/19/2012,35358
1/20/2012,35382
1/23/2012,35399
1/24/2012,35370
1/25/2012,35695
1/26/2012,35490
1/27/2012,35450
1/30/2012,35358
1/31/2012,35339
2/1/2012,35673
2/2/2012,35719
2/3/2012,36250
2/6/2012,36244
2/7/2012,36315
2/8/2012,36403
2/9/2012,36463
2/10/2012,36202
2/13/2012,36458
2/14/2012,36430
2/15/2012,36253
2/16/2012,36673
2/17/2012,36744
2/21/2012,36755
2/22/2012,36627
2/23/2012,36801
2/24/2012,36870
2/27/2012,36921
2/28/2012,37040
2/29/2012,36870
3/1/2012,37113
3/2/2012,36990
3/5/2012,36843
3/6/2012,36270
3/7/2012,36540
3/8/2012,36901
3/9/2012,37042
3/12/2012,37037
3/13/2012,37719
3/14/2012,37657
3/15/2012,37883
3/16/2012,37923
3/19/2012,38072
3/20/2012,37950
3/21/2012,37884
3/22/2012,37605
3/23/2012,37731
3/26/2012,38248
3/27/2012,38138
3/28/2012,37958
3/29/2012,37899
3/30/2012,38033
4/2/2012,38316
4/3/2012,38188
4/4/2012,37788
4/5/2012,37777
4/9/2012,37350
4/10/2012,36693
4/11/2012,36978
4/12/2012,37493
4/13/2012,37032
4/16/2012,37010
4/17/2012,37576
4/18/2012,37428
4/19/2012,37211
4/20/2012,37251
4/23/2012,36931
4/24/2012,37056
4/25/2012,37577
4/26/2012,37830
4/27/2012,37924
4/30/2012,37776
5/1/2012,37986
5/2/2012,37899
5/3/2012,37595
5/4/2012,36999
5/7/2012,37023
5/8/2012,36874
5/9/2012,36637
5/10/2012,36740
5/11/2012,36629
5/14/2012,36213
5/15/2012,36008
5/16/2012,35860
5/17/2012,35296
5/18/2012,35022
5/21/2012,35594
5/22/2012,35617
5/23/2012,35683
5/24/2012,35737
5/25/2012,35665
5/29/2012,36071
5/30/2012,35553
5/31/2012,35476
6/1/2012,34595
6/4/2012,34578
6/5/2012,34798
6/6/2012,35601
6/7/2012,35579
6/8/2012,35868
6/11/2012,35403
6/12/2012,35809
6/13/2012,35562
6/14/2012,35935
6/15/2012,36302
6/18/2012,36368
6/19/2012,36729
6/20/2012,36672
6/21/2012,35855
6/22/2012,36103
6/25/2012,35524
6/26/2012,35700
6/27/2012,36026
6/28/2012,35955
6/29/2012,36849
7/2/2012,36946
7/3/2012,37199
7/5/2012,37034
7/6/2012,36695
7/9/2012,36629
7/10/2012,36329
7/11/2012,36328
7/12/2012,36149
7/13/2012,36743
7/16/2012,36654
7/17/2012,36924
7/18/2012,37170
7/19/2012,37275
7/20/2012,36901
7/23/2012,36572
7/24/2012,36233
7/25/2012,36224
7/26/2012,36804
7/27/2012,37502
7/30/2012,37482
7/31/2012,37314
8/1/2012,37200
8/2/2012,36930
8/3/2012,37632
8/6/2012,37726
8/7/2012,37924
8/8/2012,37953
8/9/2012,37990
8/10/2012,38075
8/13/2012,38032
8/14/2012,38028
8/15/2012,38096
8/16/2012,38371
8/17/2012,38447
8/20/2012,38447
8/21/2012,38323
8/22/2012,38333
8/23/2012,38032
8/24/2012,38273
8/27/2012,38252
8/28/2012,38234
8/29/2012,38274
8/30/2012,37981
8/31/2012,38175
9/4/2012,38151
9/5/2012,38126
9/6/2012,38909
9/7/2012,39080
9/10/2012,38847
9/11/2012,38966
9/12/2012,39061
9/13/2012,39687
9/14/2012,39863
9/17/2012,39721
9/18/2012,39661
9/19/2012,39713
9/20/2012,39678
9/21/2012,39674
9/24/2012,39581
9/25/2012,39165
9/26/2012,38952
9/27/2012,39328
9/28/2012,39152
10/1/2012,39242
10/2/2012,39286
10/3/2012,39437
10/4/2012,39719
10/5/2012,39721
10/8/2012,39581
10/9/2012,39195
10/10/2012,38955
10/11/2012,38981
10/12/2012,38859
10/15/2012,39167
10/16/2012,39565
10/17/2012,39732
10/18/2012,39650
10/19/2012,39003
10/22/2012,39006
10/23/2012,38459
10/24/2012,38346
10/25/2012,38455
10/26/2012,38420
10/31/2012,38450
11/1/2012,38891
11/2/2012,38523
11/5/2012,38608
11/6/2012,38907
11/7/2012,38027
11/8/2012,37564
11/9/2012,37627
11/12/2012,37626
11/13/2012,37486
11/14/2012,36974
11/15/2012,36912
11/16/2012,37099
11/19/2012,37831
11/20/2012,37865
11/21/2012,37957
11/23/2012,38450
11/26/2012,38375
11/27/2012,38192
11/28/2012,38496
11/29/2012,38670
11/30/2012,38687
12/3/2012,38506
12/4/2012,38435
12/5/2012,38508
12/6/2012,38650
12/7/2012,38764
12/10/2012,38788
12/11/2012,39037
12/12/2012,39060
12/13/2012,38832
12/14/2012,38677
12/17/2012,39120
12/18/2012,39572
12/19/2012,39297
12/20/2012,39522
12/21/2012,39162
12/24/2012,39074
12/26/2012,38877
12/27/2012,38842
12/28/2012,38430
12/31/2012,39074
1/2/2013,40064
1/3/2013,39999
1/4/2013,40200
1/7/2013,40081
1/8/2013,39972
1/9/2013,40093
1/10/2013,40386
1/11/2013,40394
1/14/2013,40360
1/15/2013,40413
1/16/2013,40414
1/17/2013,40638
1/18/2013,40771
1/22/2013,40963
1/23/2013,41022
1/24/2013,41029
1/25/2013,41263
1/28/2013,41190
1/29/2013,41381
1/30/2013,41229
1/31/2013,41144
2/1/2013,41551
2/4/2013,41075
2/5/2013,41503
2/6/2013,41545
2/7/2013,41479
2/8/2013,41712
2/11/2013,41688
2/12/2013,41751
2/13/2013,41791
2/14/2013,41825
2/15/2013,41786
2/19/2013,42089
2/20/2013,41564
2/21/2013,41301
2/22/2013,41671
2/25/2013,40924
2/26/2013,41175
2/27/2013,41706
2/28/2013,41675
3/1/2013,41757
3/4/2013,41951
3/5/2013,42352
3/6/2013,42412
3/7/2013,42505
3/8/2013,42696
3/11/2013,42833
3/12/2013,42730
3/13/2013,42802
3/14/2013,43044
3/15/2013,42977
3/18/2013,42751
3/19/2013,42648
3/20/2013,42938
3/21/2013,42587
3/22/2013,42879
3/25/2013,42734
3/26/2013,43072
3/27/2013,43059
3/28/2013,43234
4/1/2013,43037
4/2/2013,43226
4/3/2013,42765
4/4/2013,42946
4/5/2013,42775
4/8/2013,43061
4/9/2013,43207
4/10/2013,43740
4/11/2013,43896
4/12/2013,43776
4/15/2013,42759
4/16/2013,43377
4/17/2013,42758
4/18/2013,42474
4/19/2013,42869
4/22/2013,43068
4/23/2013,43518
4/24/2013,43528
4/25/2013,43700
4/26/2013,43635
4/29/2013,43944
4/30/2013,44081
5/1/2013,43659
5/2/2013,44064
5/3/2013,44506
5/6/2013,44593
5/7/2013,44834
5/8/2013,45043
5/9/2013,44889
5/10/2013,45086
5/13/2013,45086
5/14/2013,45549
5/15/2013,45793
5/16/2013,45566
5/17/2013,46028
5/20/2013,46003
5/21/2013,46081
5/22/2013,45679
5/23/2013,45547
5/24/2013,45509
5/28/2013,45790
5/29/2013,45467
5/30/2013,45655
5/31/2013,45020
6/3/2013,45264
6/4/2013,45018
6/5/2013,44410
6/6/2013,44802
6/7/2013,45370
6/10/2013,45357
6/11/2013,44897
6/12/2013,44529
6/13/2013,45194
6/14/2013,44945
6/17/2013,45280
6/18/2013,45625
6/19/2013,44995
6/20/2013,43870
6/21/2013,43966
6/24/2013,43434
6/25/2013,43856
6/26/2013,44289
6/27/2013,44589
6/28/2013,44419
7/1/2013,44678
7/2/2013,44661
7/3/2013,44694
7/5/2013,45138
7/8/2013,45380
7/9/2013,45721
7/10/2013,45728
7/11/2013,46359
7/12/2013,46495
7/15/2013,46569
7/16/2013,46390
7/17/2013,46532
7/18/2013,46777
7/19/2013,46837
7/22/2013,46943
7/23/2013,46871
7/24/2013,46690
7/25/2013,46842
7/26/2013,46879
7/29/2013,46716
7/30/2013,46752
7/31/2013,46755
8/1/2013,47358
8/2/2013,47432
8/5/2013,47370
8/6/2013,47085
8/7/2013,46914
8/8/2013,47114
8/9/2013,46970
8/12/2013,46930
8/13/2013,47041
8/14/2013,46809
8/15/2013,46147
8/16/2013,45997
8/19/2013,45723
8/20/2013,45922
8/21/2013,45657
8/22/2013,46051
8/23/2013,46252
8/26/2013,46078
8/27/2013,45340
8/28/2013,45470
8/29/2013,45580
8/30/2013,45421
9/3/2013,45598
9/4/2013,45974
9/5/2013,46033
9/6/2013,46060
9/9/2013,46543
9/10/2013,46889
9/11/2013,47035
9/12/2013,46894
9/13/2013,47015
9/16/2013,47265
9/17/2013,47480
9/18/2013,48049
9/19/2013,47974
9/20/2013,47621
9/23/2013,47404
9/24/2013,47302
9/25/2013,47190
9/26/2013,47377
9/27/2013,47190
9/30/2013,46912
10/1/2013,47315
10/2/2013,47289
10/3/2013,46861
10/4/2013,47194
10/7/2013,46792
10/8/2013,46208
10/9/2013,46224
10/10/2013,47240
10/11/2013,47539
10/14/2013,47730
10/15/2013,47400
10/16/2013,48059
10/17/2013,48395
10/18/2013,48714
10/21/2013,48716
10/22/2013,48982
10/23/2013,48742
10/24/2013,48904
10/25/2013,49105
10/28/2013,49157
10/29/2013,49420
10/30/2013,49170
10/31/2013,48999
11/1/2013,49150
11/4/2013,49328
11/5/2013,49192
11/6/2013,49405
11/7/2013,48734
11/8/2013,49373
11/11/2013,49416
11/12/2013,49311
11/13/2013,49737
11/14/2013,49973
11/15/2013,50182
11/18/2013,49966
11/19/2013,49856
11/20/2013,49675
11/21/2013,50093
11/22/2013,50336
11/25/2013,50265
11/26/2013,50286
11/27/2013,50424
11/29/2013,50383
12/2/2013,50265
12/3/2013,50112
12/4/2013,50075
12/5/2013,49872
12/6/2013,50412
12/9/2013,50511
12/10/2013,50359
12/11/2013,49785
12/12/2013,49626
12/13/2013,49641
12/16/2013,49946
12/17/2013,49804
12/18/2013,50609
12/19/2013,50568
12/20/2013,50827
12/23/2013,51107
12/24/2013,51268
12/26/2013,51505
12/27/2013,51492
12/30/2013,51490
12/31/2013,51706
1/2/2014,51254
1/3/2014,51245
1/6/2014,51118
1/7/2014,51441
1/8/2014,51448
1/9/2014,51464
1/10/2014,51591
1/13/2014,50955
1/14/2014,51509
1/15/2014,51777
1/16/2014,51727
1/17/2014,51524
1/21/2014,51673
1/22/2014,51722
1/23/2014,51278
1/24/2014,50202
1/27/2014,49944
1/28/2014,50263
1/29/2014,49765
1/30/2014,50325
1/31/2014,50012
2/3/2014,48853
2/4/2014,49226
2/5/2014,49147
2/6/2014,49787
2/7/2014,50430
2/10/2014,50519
2/11/2014,51075
2/12/2014,51100
2/13/2014,51416
2/14/2014,51658
2/18/2014,51737
2/19/2014,51405
2/20/2014,51731
2/21/2014,51646
2/24/2014,51955
2/25/2014,51891
2/26/2014,51902
2/27/2014,52161
2/28/2014,52294
3/3/2014,51915
3/4/2014,52707
3/5/2014,52709
3/6/2014,52812
3/7/2014,52839
3/10/2014,52796
3/11/2014,52536
3/12/2014,52578
3/13/2014,51977
3/14/2014,51856
3/17/2014,52334
3/18/2014,52719
3/19/2014,52391
3/20/2014,52699
3/21/2014,52550
3/24/2014,52288
3/25/2014,52501
3/26/2014,52106
3/27/2014,52033
3/28/2014,52279
3/31/2014,52716
4/1/2014,53115
4/2/2014,53260
4/3/2014,53173
4/4/2014,52493
4/7/2014,51909
4/8/2014,52136
4/9/2014,52715
4/10/2014,51605
4/11/2014,51105
4/14/2014,51493
4/15/2014,51838
4/16/2014,52405
4/17/2014,52481
4/21/2014,52681
4/22/2014,52917
4/23/2014,52794
4/24/2014,52877
4/25/2014,52425
4/28/2014,52573
4/29/2014,52837
4/30/2014,53004
5/1/2014,53031
5/2/2014,52969
5/5/2014,53065
5/6/2014,52584
5/7/2014,52903
5/8/2014,52822
5/9/2014,52915
5/12/2014,53435
5/13/2014,53464
5/14/2014,53223
5/15/2014,52743
5/16/2014,52935
5/19/2014,53149
5/20/2014,52796
5/21/2014,53222
5/22/2014,53363
5/23/2014,53589
5/27/2014,53916
5/28/2014,53863
5/29/2014,54160
5/30/2014,54248
6/2/2014,54307
6/3/2014,54289
6/4/2014,54404
6/5/2014,54763
6/6/2014,55022
6/9/2014,55075
6/10/2014,55054
6/11/2014,54868
6/12/2014,54488
6/13/2014,54663
6/16/2014,54689
6/17/2014,54824
6/18/2014,55240
6/19/2014,55319
6/20/2014,55422
6/23/2014,55425
6/24/2014,55062
6/25/2014,55337
6/26/2014,55286
6/27/2014,55413
6/30/2014,55412
7/1/2014,55785
7/2/2014,55793
7/3/2014,56088
7/7/2014,55856
7/8/2014,55468
7/9/2014,55728
7/10/2014,55506
7/11/2014,55589
7/14/2014,55857
7/15/2014,55757
7/16/2014,55994
7/17/2014,55347
7/18/2014,55918
7/21/2014,55789
7/22/2014,56066
7/23/2014,56169
7/24/2014,56201
7/25/2014,55932
7/28/2014,55939
7/29/2014,55694
7/30/2014,55715
7/31/2014,54615
8/1/2014,54464
8/4/2014,54854
8/5/2014,54337
8/6/2014,54340
8/7/2014,54059
8/8/2014,54669
8/11/2014,54840
8/12/2014,54747
8/13/2014,55133
8/14/2014,55371
8/15/2014,55371
8/18/2014,55848
8/19/2014,56128
8/20/2014,56271
8/21/2014,56436
8/22/2014,56336
8/25/2014,56609
8/26/2014,56668
8/27/2014,56682
8/28/2014,56596
8/29/2014,56795
9/2/2014,56784
9/3/2014,56737
9/4/2014,56652
9/5/2014,56939
9/8/2014,56781
9/9/2014,56403
9/10/2014,56602
9/11/2014,56675
9/12/2014,56333
9/15/2014,56262
9/16/2014,56683
9/17/2014,56757
9/18/2014,57022
9/19/2014,56982
9/22/2014,56487
9/23/2014,56168
9/24/2014,56597
9/25/2014,55691
9/26/2014,56177
9/29/2014,56041
9/30/2014,55879
10/1/2014,55135
10/2/2014,55151
10/3/2014,55761
10/6/2014,55677
10/7/2014,54834
10/8/2014,55775
10/9/2014,54628
10/10/2014,53990
10/13/2014,53106
10/14/2014,53217
10/15/2014,52819
10/16/2014,52864
10/17/2014,53541
10/20/2014,54031
10/21/2014,55096
10/22/2014,54691
10/23/2014,55361
10/24/2014,55753
10/27/2014,55672
10/28/2014,56336
10/29/2014,56256
10/30/2014,56601
10/31/2014,57273
11/3/2014,57286
11/4/2014,57116
11/5/2014,57437
11/6/2014,57688
11/7/2014,57722
11/10/2014,57904
11/11/2014,57943
11/12/2014,57923
11/13/2014,57958
11/14/2014,57983
11/17/2014,58014
11/18/2014,58322
11/19/2014,58239
11/20/2014,58367
11/21/2014,58670
11/24/2014,58842
11/25/2014,58786
11/26/2014,58968
11/28/2014,58823
12/1/2014,58396
12/2/2014,58752
12/3/2014,58995
12/4/2014,58928
12/5/2014,59031
12/8/2014,58596
12/9/2014,58576
12/10/2014,57625
12/11/2014,57910
12/12/2014,56985
12/15/2014,56614
12/16/2014,56132
12/17/2014,57283
12/18/2014,58651
12/19/2014,58913
12/22/2014,59149
12/23/2014,59270
12/24/2014,59271
12/26/2014,59475
12/29/2014,59543
12/30/2014,59267
12/31/2014,58663
1/2/2015,58663
1/5/2015,57605
1/6/2015,57096
1/7/2015,57774
1/8/2015,58800
1/9/2015,58304
1/12/2015,57851
1/13/2015,57729
1/14/2015,57397
1/15/2015,56875
1/16/2015,57629
1/20/2015,57729
1/21/2015,58012
1/22/2015,58911
1/23/2015,58596
1/26/2015,58797
1/27/2015,58023
1/28/2015,57245
1/29/2015,57783
1/30/2015,57035
2/2/2015,57750
2/3/2015,58575
2/4/2015,58370
2/5/2015,58993
2/6/2015,58802
2/9/2015,58550
2/10/2015,59173
2/11/2015,59193
2/12/2015,59775
2/13/2015,60024
2/17/2015,60104
2/18/2015,60111
2/19/2015,60052
2/20/2015,60442
2/23/2015,60416
2/24/2015,60567
2/25/2015,60549
2/26/2015,60444
2/27/2015,60264
3/2/2015,60634
3/3/2015,60380
3/4/2015,60114
3/5/2015,60194
3/6/2015,59357
3/9/2015,59593
3/10/2015,58608
3/11/2015,58529
3/12/2015,59268
3/13/2015,58929
3/16/2015,59697
3/17/2015,59533
3/18/2015,60243
3/19/2015,59966
3/20/2015,60502
3/23/2015,60380
3/24/2015,60020
3/25/2015,59149
3/26/2015,59000
3/27/2015,59169
3/30/2015,59908
3/31/2015,59409
4/1/2015,59186
4/2/2015,59400
4/6/2015,59783
4/7/2015,59636
4/8/2015,59810
4/9/2015,60053
4/10/2015,60356
4/13/2015,60089
4/14/2015,60177
4/15/2015,60474
4/16/2015,60443
4/17/2015,59761
4/20/2015,60310
4/21/2015,60232
4/22/2015,60537
4/23/2015,60682
4/24/2015,60821
4/27/2015,60564
4/28/2015,60726
4/29/2015,60506
4/30/2015,59891
5/1/2015,60511
5/4/2015,60692
5/5/2015,59965
5/6/2015,59739
5/7/2015,59990
5/8/2015,60778
5/11/2015,60484
5/12/2015,60320
5/13/2015,60315
5/14/2015,60961
5/15/2015,61023
5/18/2015,61219
5/19/2015,61183
5/20/2015,61135
5/21/2015,61283
5/22/2015,61149
5/26/2015,60540
5/27/2015,61098
5/28/2015,61027
5/29/2015,60649
6/1/2015,60777
6/2/2015,60711
6/3/2015,60855
6/4/2015,60340
6/5/2015,60276
6/8/2015,59889
6/9/2015,59901
6/10/2015,60603
6/11/2015,60746
6/12/2015,60342
6/15/2015,60048
6/16/2015,60394
6/17/2015,60519
6/18/2015,61118
6/19/2015,60798
6/22/2015,61160
6/23/2015,61211
6/24/2015,60751
6/25/2015,60552
6/26/2015,60551
6/29/2015,59305
6/30/2015,59472
7/1/2015,59892
7/2/2015,59867
7/6/2015,59649
7/7/2015,60008
7/8/2015,59024
7/9/2015,59160
7/10/2015,59881
7/13/2015,60549
7/14/2015,60821
7/15/2015,60769
7/16/2015,61256
7/17/2015,61319
7/20/2015,61356
7/21/2015,61072
7/22/2015,60931
7/23/2015,60596
7/24/2015,59982
7/27/2015,59620
7/28/2015,60350
7/29/2015,60812
7/30/2015,60839
7/31/2015,60709
8/3/2015,60546
8/4/2015,60434
8/5/2015,60653
8/6/2015,60195
8/7/2015,60025
8/10/2015,60789
8/11/2015,60222
8/12/2015,60278
8/13/2015,60225
8/14/2015,60469
8/17/2015,60805
8/18/2015,60655
8/19/2015,60149
8/20/2015,58866
8/21/2015,57027
8/24/2015,54773
8/25/2015,54038
8/26/2015,56100
8/27/2015,57476
8/28/2015,57545
8/31/2015,57069
9/1/2015,55403
9/2/2015,56421
9/3/2015,56512
9/4/2015,55666
9/8/2015,57057
9/9/2015,56276
9/10/2015,56567
9/11/2015,56845
9/14/2015,56620
9/15/2015,57333
9/16/2015,57837
9/17/2015,57703
9/18/2015,56778
9/21/2015,57043
9/22/2015,56332
9/23/2015,56214
9/24/2015,56017
9/25/2015,56004
9/28/2015,54582
9/29/2015,54627
9/30/2015,55645
10/1/2015,55752
10/2/2015,56552
10/5/2015,57598
10/6/2015,57385
10/7/2015,57873
10/8/2015,58368
10/9/2015,58416
10/12/2015,58477
10/13/2015,58091
10/14/2015,57798
10/15/2015,58667
10/16/2015,58914
10/19/2015,58940
10/20/2015,58861
10/21/2015,58509
10/22/2015,59471
10/23/2015,60116
10/26/2015,60015
10/27/2015,59845
10/28/2015,60566
10/29/2015,60533
10/30/2015,60255
11/2/2015,60977
11/3/2015,61136
11/4/2015,60951
11/5/2015,60892
11/6/2015,60851
11/9/2015,60273
11/10/2015,60385
11/11/2015,60194
11/12/2015,59376
11/13/2015,58722
11/16/2015,59577
11/17/2015,59504
11/18/2015,60454
11/19/2015,60407
11/20/2015,60630
11/23/2015,60558
11/24/2015,60635
11/25/2015,60638
11/27/2015,60698
11/30/2015,60413
12/1/2015,61054
12/2/2015,60407
12/3/2015,59510
12/4/2015,60712
12/7/2015,60285
12/8/2015,59896
12/9/2015,59432
12/10/2015,59575
12/11/2015,58430
12/14/2015,58686
12/15/2015,59314
12/16/2015,60183
12/17/2015,59304
12/18/2015,58267
12/21/2015,58717
12/22/2015,59225
12/23/2015,59972
12/24/2015,59882
12/28/2015,59760
12/29/2015,60393
12/30/2015,59961
12/31/2015,59411
1/4/2016,58526
1/5/2016,58651
1/6/2016,57897
1/7/2016,56522
1/8/2016,55910
1/11/2016,55943
1/12/2016,56337
1/13/2016,54934
1/14/2016,55829
1/15/2016,54627
1/19/2016,54625
1/20/2016,53977
1/21/2016,54237
1/22/2016,55360
1/25/2016,54473
1/26/2016,55273
1/27/2016,54666
1/28/2016,54954
1/29/2016,56326
2/1/2016,56303
2/2/2016,55225
2/3/2016,55514
2/4/2016,55622
2/5/2016,54547
2/8/2016,53766
2/9/2016,53727
2/10/2016,53751
2/11/2016,53100
2/12/2016,54144
2/16/2016,55071
2/17/2016,55977
2/18/2016,55744
2/19/2016,55752
2/22/2016,56550
2/23/2016,55858
2/24/2016,56110
2/25/2016,56764
2/26/2016,56680
2/29/2016,56250
3/1/2016,57607
3/2/2016,57878
3/3/2016,58105
3/4/2016,58297
3/7/2016,58357
3/8/2016,57701
3/9/2016,57999
3/10/2016,57980
3/11/2016,58949
3/14/2016,58869
3/15/2016,58761
3/16/2016,59115
3/17/2016,59526
3/18/2016,59788
3/21/2016,59856
3/22/2016,59819
3/23/2016,59426
3/24/2016,59399
3/28/2016,59440
3/29/2016,59996
3/30/2016,60252
3/31/2016,60156
4/1/2016,60531
4/4/2016,60339
4/5/2016,59740
4/6/2016,60381
4/7/2016,59671
4/8/2016,59843
4/11/2016,59674
4/12/2016,60237
4/13/2016,60860
4/14/2016,60870
4/15/2016,60837
4/18/2016,61217
4/19/2016,61417
4/20/2016,61461
4/21/2016,61132
4/22/2016,61154
4/25/2016,61070
4/26/2016,61186
4/27/2016,61281
4/28/2016,60734
4/29/2016,60445
5/2/2016,60931
5/3/2016,60384
5/4/2016,60057
5/5/2016,60043
5/6/2016,60267
5/9/2016,60314
5/10/2016,61069
5/11/2016,60524
5/12/2016,60529
5/13/2016,60023
5/16/2016,60610
5/17/2016,60046
5/18/2016,60057
5/19/2016,59843
5/20/2016,60233
5/23/2016,60100
5/24/2016,60920
5/25/2016,61343
5/26/2016,61331
5/27/2016,61606
5/31/2016,61548
6/1/2016,61630
6/2/2016,61816
6/3/2016,61621
6/6/2016,61910
6/7/2016,61999
6/8/2016,62216
6/9/2016,62102
6/10/2016,61525
6/13/2016,61064
6/14/2016,60949
6/15/2016,60864
6/16/2016,61057
6/17/2016,60867
6/20/2016,61228
6/21/2016,61398
6/22/2016,61296
6/23/2016,62121
6/24/2016,59918
6/27/2016,58834
6/28/2016,59890
6/29/2016,60919
6/30/2016,61751
7/1/2016,61886
7/5/2016,61481
7/6/2016,61825
7/7/2016,61782
7/8/2016,62715
7/11/2016,62940
7/12/2016,63360
7/13/2016,63371
7/14/2016,63690
7/15/2016,63640
7/18/2016,63791
7/19/2016,63712
7/20/2016,63991
7/21/2016,63779
7/22/2016,64077
7/25/2016,63880
7/26/2016,63892
7/27/2016,63812
7/28/2016,63938
7/29/2016,64068
8/1/2016,63982
8/2/2016,63554
8/3/2016,63780
8/4/2016,63812
8/5/2016,64346
8/8/2016,64303
8/9/2016,64349
8/10/2016,64188
8/11/2016,64486
8/12/2016,64444
8/15/2016,64626
8/16/2016,64266
8/17/2016,64391
8/18/2016,64532
8/19/2016,64440
8/22/2016,64427
8/23/2016,64552
8/24/2016,64225
8/25/2016,64165
8/26/2016,64045
8/29/2016,64390
8/30/2016,64283
8/31/2016,64154
9/1/2016,64164
9/2/2016,64462
9/6/2016,64654
9/7/2016,64685
9/8/2016,64536
9/9/2016,62952
9/12/2016,63857
9/13/2016,62927
9/14/2016,62899
9/15/2016,63540
9/16/2016,63295
9/19/2016,63313
9/20/2016,63326
9/21/2016,64014
9/22/2016,64447
9/23/2016,64087
9/26/2016,63557
9/27/2016,63936
9/28/2016,64293
9/29/2016,63676
9/30/2016,64171
10/3/2016,63967
10/4/2016,63663
10/5/2016,63943
10/6/2016,63956
10/7/2016,63755
10/10/2016,64048
10/11/2016,63274
10/12/2016,63357
10/13/2016,63167
10/14/2016,63178
10/17/2016,62999
10/18/2016,63381
10/19/2016,63525
10/20/2016,63432
10/21/2016,63436
10/24/2016,63756
10/25/2016,63528
10/26/2016,63399
10/27/2016,63182
10/28/2016,63000
10/31/2016,63024
11/1/2016,62588
11/2/2016,62152
11/3/2016,61900
11/4/2016,61811
11/7/2016,63166
11/8/2016,63432
11/9/2016,64184
11/10/2016,64286
11/11/2016,64237
11/14/2016,64311
11/15/2016,64801
11/16/2016,64721
11/17/2016,65040
11/18/2016,64905
11/21/2016,65384
11/22/2016,65578
11/23/2016,65629
11/25/2016,65897
11/28/2016,65562
11/29/2016,65678
11/30/2016,65500
12/1/2016,65286
12/2/2016,65316
12/5/2016,65717
12/6/2016,65974
12/7/2016,66841
12/8/2016,67000
12/9/2016,67356
12/12/2016,67282
12/13/2016,67717
12/14/2016,67163
12/15/2016,67420
12/16/2016,67319
12/19/2016,67458
12/20/2016,67722
12/21/2016,67560
12/22/2016,67431
12/23/2016,67529
12/27/2016,67686
12/28/2016,67130
12/29/2016,67126
12/30/2016,66829
1/3/2017,67391
1/4/2017,67836
1/5/2017,67788
1/6/2017,68031
1/9/2017,67787
1/10/2017,67792
1/11/2017,67988
1/12/2017,67840
1/13/2017,67980
1/17/2017,67747
1/18/2017,67885
1/19/2017,67643
1/20/2017,67866
1/23/2017,67691
1/24/2017,68143
1/25/2017,68669
1/26/2017,68619
1/27/2017,68545
1/30/2017,68138
1/31/2017,68100
2/1/2017,68133
2/2/2017,68173
2/3/2017,68683
2/6/2017,68543
2/7/2017,68562
2/8/2017,68645
2/9/2017,69067
2/10/2017,69313
2/13/2017,69686
2/14/2017,69982
2/15/2017,70339
2/16/2017,70277
2/17/2017,70397
2/21/2017,70823
2/22/2017,70744
2/23/2017,70764
2/24/2017,70889
2/27/2017,70989
2/28/2017,70797
3/1/2017,71752
3/2/2017,71315
3/3/2017,71363
3/6/2017,71126
3/7/2017,70911
3/8/2017,70755
3/9/2017,70794
3/10/2017,71018
3/13/2017,71074
3/14/2017,70842
3/15/2017,71438
3/16/2017,71356
3/17/2017,71272
3/20/2017,71123
3/21/2017,70210
3/22/2017,70342
3/23/2017,70295
3/24/2017,70243
3/27/2017,70166
3/28/2017,70670
3/29/2017,70766
3/30/2017,70985
3/31/2017,70843
4/3/2017,70726
4/4/2017,70777
4/5/2017,70547
4/6/2017,70721
4/7/2017,70663
4/10/2017,70723
4/11/2017,70654
4/12/2017,70384
4/13/2017,69896
4/17/2017,70503
4/18/2017,70316
4/19/2017,70215
4/20/2017,70741
4/21/2017,70536
4/24/2017,71297
4/25/2017,71733
4/26/2017,71701
4/27/2017,71750
4/28/2017,71591
5/1/2017,71735
5/2/2017,71791
5/3/2017,71682
5/4/2017,71709
5/5/2017,72030
5/8/2017,72025
5/9/2017,71955
5/10/2017,72069
5/11/2017,71911
5/12/2017,71802
5/15/2017,72158
5/16/2017,72123
5/17/2017,70833
5/18/2017,71103
5/19/2017,71597
5/22/2017,71965
5/23/2017,72106
5/24/2017,72300
5/25/2017,72619
5/26/2017,72654
5/30/2017,72567
5/31/2017,72551
6/1/2017,73147
6/2/2017,73400
6/5/2017,73301
6/6/2017,73088
6/7/2017,73222
6/8/2017,73259
6/9/2017,73187
6/12/2017,73126
6/13/2017,73497
6/14/2017,73424
6/15/2017,73265
6/16/2017,73276
6/19/2017,73883
6/20/2017,73384
6/21/2017,73330
6/22/2017,73315
6/23/2017,73445
6/26/2017,73482
6/27/2017,72881
6/28/2017,73537
6/29/2017,72911
6/30/2017,73027
7/3/2017,73215
7/5/2017,73295
7/6/2017,72613
7/7/2017,73076
7/10/2017,73129
7/11/2017,73086
7/12/2017,73613
7/13/2017,73753
7/14/2017,74088
7/17/2017,74097
7/18/2017,74137
7/19/2017,74540
7/20/2017,74525
7/21/2017,74496
7/24/2017,74439
7/25/2017,74672
7/26/2017,74691
7/27/2017,74632
7/28/2017,74512
7/31/2017,74469
8/1/2017,74656
8/2/2017,74684
8/3/2017,74553
8/4/2017,74712
8/7/2017,74827
8/8/2017,74653
8/9/2017,74620
8/10/2017,73566
8/11/2017,73670
8/14/2017,74419
8/15/2017,74388
8/16/2017,74522
8/17/2017,73384
8/18/2017,73246
8/21/2017,73334
8/22/2017,74074
8/23/2017,73856
8/24/2017,73718
8/25/2017,73862
8/28/2017,73892
8/29/2017,73962
8/30/2017,74341
8/31/2017,74776
9/1/2017,74940
9/5/2017,74357
9/6/2017,74573
9/7/2017,74556
9/8/2017,74429
9/11/2017,75235
9/12/2017,75488
9/13/2017,75546
9/14/2017,75499
9/15/2017,75643
9/18/2017,75773
9/19/2017,75869
9/20/2017,75936
9/21/2017,75715
9/22/2017,75756
9/25/2017,75593
9/26/2017,75609
9/27/2017,75928
9/28/2017,76033
9/29/2017,76313
10/2/2017,76621
10/3/2017,76808
10/4/2017,76893
10/5/2017,77330
10/6/2017,77269
10/9/2017,77132
10/10/2017,77313
10/11/2017,77454
10/12/2017,77329
10/13/2017,77397
10/16/2017,77538
10/17/2017,77585
10/18/2017,77637
10/19/2017,77660
10/20/2017,78069
10/23/2017,77744
10/24/2017,77874
10/25/2017,77500
10/26/2017,77615
10/27/2017,78246
10/30/2017,77969
10/31/2017,78078
11/1/2017,78194
11/2/2017,78239
11/3/2017,78478
11/6/2017,78576
11/7/2017,78551
11/8/2017,78666
11/9/2017,78351
11/10/2017,78329
11/13/2017,78417
11/14/2017,78239
11/15/2017,77827
11/16/2017,78493
11/17/2017,78314
11/20/2017,78422
11/21/2017,78933
11/22/2017,78894
11/24/2017,79049
11/27/2017,79016
11/28/2017,79806
11/29/2017,79794
11/30/2017,80463
12/1/2017,80328
12/4/2017,80256
12/5/2017,79942
12/6/2017,79913
12/7/2017,80191
12/8/2017,80644
12/11/2017,80910
12/12/2017,81032
12/13/2017,80993
12/14/2017,80684
12/15/2017,81386
12/18/2017,81853
12/19/2017,81578
12/20/2017,81526
12/21/2017,81697
12/22/2017,81667
12/26/2017,81594
12/27/2017,81663
12/28/2017,81844
12/29/2017,81426
1/2/2018,82077
1/3/2018,82575
1/4/2018,82901
1/5/2018,83458
1/8/2018,83618
1/9/2018,83734
1/10/2018,83639
1/11/2018,84246
1/12/2018,84792
1/16/2018,84490
1/17/2018,85277
1/18/2018,85131
1/19/2018,85539
1/22/2018,86246
1/23/2018,86441
1/24/2018,86371
1/25/2018,86409
1/26/2018,87397
1/29/2018,86818
1/30/2018,85904
1/31/2018,85944
2/1/2018,85928
2/2/2018,84108
2/5/2018,80691
2/6/2018,82060
2/7/2018,81690
2/8/2018,78649
2/9/2018,79820
2/12/2018,80927
2/13/2018,81165
2/14/2018,82287
2/15/2018,83303
2/16/2018,83341
2/20/2018,82860
2/21/2018,82414
2/22/2018,82477
2/23/2018,83792
2/26/2018,84766
2/27/2018,83703
2/28/2018,82820
3/1/2018,81771
3/2/2018,82197
3/5/2018,83099
3/6/2018,83338
3/7/2018,83337
3/8/2018,83719
3/9/2018,85145
3/12/2018,85055
3/13/2018,84507
3/14/2018,84058
3/15/2018,83972
3/16/2018,84158
3/19/2018,82979
3/20/2018,83098
3/21/2018,82960
3/22/2018,80897
3/23/2018,79211
3/26/2018,81344
3/27/2018,79923
3/28/2018,79717
3/29/2018,80804
4/2/2018,79010
4/3/2018,79993
4/4/2018,80931
4/5/2018,81501
4/6/2018,79744
4/9/2018,80003
4/10/2018,81338
4/11/2018,80904
4/12/2018,81563
4/13/2018,81301
4/16/2018,81959
4/17/2018,82846
4/18/2018,82917
4/19/2018,82470
4/20/2018,81783
4/23/2018,81767
4/24/2018,80692
4/25/2018,80811
4/26/2018,81640
4/27/2018,81710
4/30/2018,81067
5/1/2018,81270
5/2/2018,80714
5/3/2018,80557
5/4/2018,81612
5/7/2018,81903
5/8/2018,81898
5/9/2018,82679
5/10/2018,83433
5/11/2018,83593
5/14/2018,83649
5/15/2018,83097
5/16/2018,83454
5/17/2018,83402
5/18/2018,83197
5/21/2018,83812
5/22/2018,83536
5/23/2018,83807
5/24/2018,83633
5/25/2018,83452
5/29/2018,82535
5/30/2018,83603
5/31/2018,83040
6/1/2018,83926
6/4/2018,84334
6/5/2018,84405
6/6/2018,85132
6/7/2018,85068
6/8/2018,85349
6/11/2018,85430
6/12/2018,85610
6/13/2018,85247
6/14/2018,85485
6/15/2018,85400
6/18/2018,85258
6/19/2018,84903
6/20/2018,85072
6/21/2018,84532
6/22/2018,84677
6/25/2018,83493
6/26/2018,83684
6/27/2018,82955
6/28/2018,83483
6/29/2018,83556
7/2/2018,83817
7/3/2018,83412
7/5/2018,84144
7/6/2018,84863
7/9/2018,85633
7/10/2018,85918
7/11/2018,85334
7/12/2018,86137
7/13/2018,86233
7/16/2018,86139
7/17/2018,86486
7/18/2018,86688
7/19/2018,86372
7/20/2018,86285
7/23/2018,86427
7/24/2018,86779
7/25/2018,87544
7/26/2018,87317
7/27/2018,86725
7/30/2018,86202
7/31/2018,86642
8/1/2018,86563
8/2/2018,87067
8/3/2018,87462
8/6/2018,87809
8/7/2018,88069
8/8/2018,88039
8/9/2018,87972
8/10/2018,87393
8/13/2018,87039
8/14/2018,87601
8/15/2018,86934
8/16/2018,87656
8/17/2018,87958
8/20/2018,88176
8/21/2018,88346
8/22/2018,88327
8/23/2018,88175
8/24/2018,88730
8/27/2018,89417
8/28/2018,89443
8/29/2018,89949
8/30/2018,89562
8/31/2018,89592
9/4/2018,89459
9/5/2018,89176
9/6/2018,88877
9/7/2018,88658
9/10/2018,88839
9/11/2018,89193
9/12/2018,89237
9/13/2018,89715
9/14/2018,89762
9/17/2018,89238
9/18/2018,89703
9/19/2018,89780
9/20/2018,90482
9/21/2018,90419
9/24/2018,90101
9/25/2018,90021
9/26/2018,89689
9/27/2018,89970
9/28/2018,89972
10/1/2018,90245
10/2/2018,90187
10/3/2018,90271
10/4/2018,89525
10/5/2018,89009
10/8/2018,88942
10/9/2018,88833
10/10/2018,85893
10/11/2018,84155
10/12/2018,85363
10/15/2018,84890
10/16/2018,86737
10/17/2018,86701
10/18/2018,85450
10/19/2018,85397
10/22/2018,85031
10/23/2018,84571
10/24/2018,81957
10/25/2018,83498
10/26/2018,82046
10/29/2018,81469
10/30/2018,82761
10/31/2018,83711
11/1/2018,84649
11/2/2018,84120
11/5/2018,84541
11/6/2018,85055
11/7/2018,86852
11/8/2018,86649
11/9/2018,85851
11/12/2018,84149
11/13/2018,84059
11/14/2018,83434
11/15/2018,84355
11/16/2018,84527
11/19/2018,83075
11/20/2018,81578
11/21/2018,81885
11/23/2018,81378
11/26/2018,82686
11/27/2018,82900
11/28/2018,84842
11/29/2018,84662
11/30/2018,85367
12/3/2018,86318
12/4/2018,83484
12/6/2018,83447
12/7/2018,81499
12/10/2018,81607
12/11/2018,81569
12/12/2018,82008
12/13/2018,81973
12/14/2018,80460
12/17/2018,78747
12/18/2018,78764
12/19/2018,77563
12/20/2018,76337
12/21/2018,74754
12/24/2018,72749
12/26/2018,76397
12/27/2018,77034
12/28/2018,76976
12/31/2018,77651
1/2/2019,77734
1/3/2019,75848
1/4/2019,78457
1/7/2019,79090
1/8/2019,79881
1/9/2019,80247
1/10/2019,80615
1/11/2019,80612
1/14/2019,80181
1/15/2019,81042
1/16/2019,81251
1/17/2019,81882
1/18/2019,82959
1/22/2019,81777
1/23/2019,81959
1/24/2019,82098
1/25/2019,82834
1/28/2019,82205
1/29/2019,82074
1/30/2019,83374
1/31/2019,84111
2/1/2019,84204
2/4/2019,84808
2/5/2019,85212
2/6/2019,85026
2/7/2019,84275
2/8/2019,84353
2/11/2019,84430
2/12/2019,85523
2/13/2019,85775
2/14/2019,85582
2/15/2019,86499
2/19/2019,86644
2/20/2019,86781
2/21/2019,86480
2/22/2019,87044
2/25/2019,87174
2/26/2019,87104
2/27/2019,87130
2/28/2019,86893
3/1/2019,87485
3/4/2019,87117
3/5/2019,87017
3/6/2019,86419
3/7/2019,85744
3/8/2019,85577
3/11/2019,86850
3/12/2019,87102
3/13/2019,87710
3/14/2019,87659
3/15/2019,88084
3/18/2019,88445
3/19/2019,88425
3/20/2019,88165
3/21/2019,89163
3/22/2019,87441
3/25/2019,87359
3/26/2019,87988
3/27/2019,87572
3/28/2019,87906
3/29/2019,88493
4/1/2019,89528
4/2/2019,89529
4/3/2019,89740
4/4/2019,89890
4/5/2019,90326
4/8/2019,90422
4/9/2019,89895
4/10/2019,90261
4/11/2019,90284
4/12/2019,90897
4/15/2019,90839
4/16/2019,90876
4/17/2019,90653
4/18/2019,90802
4/22/2019,90906
4/23/2019,91738
4/24/2019,91549
4/25/2019,91486
4/26/2019,91940
4/29/2019,92043
4/30/2019,92103
5/1/2019,91434
5/2/2019,91251
5/3/2019,92170
5/6/2019,91770
5/7/2019,90244
5/8/2019,90094
5/9/2019,89862
5/10/2019,90204
5/13/2019,87976
5/14/2019,88723
5/15/2019,89260
5/16/2019,90086
5/17/2019,89531
5/20/2019,88902
5/21/2019,89683
5/22/2019,89405
5/23/2019,88307
5/24/2019,88451
5/28/2019,87730
5/29/2019,87116
5/30/2019,87295
5/31/2019,86181
6/3/2019,85891
6/4/2019,87772
6/5/2019,88493
6/6/2019,89050
6/7/2019,89983
6/10/2019,90425
6/11/2019,90383
6/12/2019,90199
6/13/2019,90598
6/14/2019,90435
6/17/2019,90539
6/18/2019,91436
6/19/2019,91730
6/20/2019,92585
6/21/2019,92423
6/24/2019,92218
6/25/2019,91321
6/26/2019,91223
6/27/2019,91652
6/28/2019,92201
7/1/2019,92913
7/2/2019,93176
7/3/2019,93926
7/5/2019,93786
7/8/2019,93318
7/9/2019,93507
7/10/2019,93916
7/11/2019,94103
7/12/2019,94559
7/15/2019,94579
7/16/2019,94261
7/17/2019,93673
7/18/2019,94010
7/19/2019,93427
7/22/2019,93697
7/23/2019,94347
7/24/2019,94841
7/25/2019,94308
7/26/2019,95040
7/29/2019,94836
7/30/2019,94627
7/31/2019,93633
8/1/2019,92765
8/2/2019,92060
8/5/2019,89297
8/6/2019,90475
8/7/2019,90569
8/8/2019,92321
8/9/2019,91704
8/12/2019,90600
8/13/2019,91915
8/14/2019,89257
8/15/2019,89471
8/16/2019,90791
8/19/2019,91864
8/20/2019,91148
8/21/2019,91919
8/22/2019,91875
8/23/2019,89497
8/26/2019,90472
8/27/2019,90131
8/28/2019,90715
8/29/2019,91893
8/30/2019,91960
9/3/2019,91328
9/4/2019,92327
9/5/2019,93548
9/6/2019,93603
9/9/2019,93610
9/10/2019,93659
9/11/2019,94362
9/12/2019,94612
9/13/2019,94550
9/16/2019,94310
9/17/2019,94562
9/18/2019,94580
9/19/2019,94587
9/20/2019,94129
9/23/2019,94126
9/24/2019,93309
9/25/2019,93906
9/26/2019,93664
9/27/2019,93138
9/30/2019,93612
10/1/2019,92476
10/2/2019,90863
10/3/2019,91626
10/4/2019,92911
10/7/2019,92528
10/8/2019,91102
10/9/2019,91951
10/10/2019,92510
10/11/2019,93546
10/14/2019,93420
10/15/2019,94337
10/16/2019,94103
10/17/2019,94399
10/18/2019,94021
10/21/2019,94683
10/22/2019,94347
10/23/2019,94605
10/24/2019,94861
10/25/2019,95266
10/28/2019,95802
10/29/2019,95682
10/30/2019,95992
10/31/2019,95691
11/1/2019,96635
11/4/2019,96983
11/5/2019,96863
11/6/2019,96906
11/7/2019,97216
11/8/2019,97497
11/11/2019,97334
11/12/2019,97477
11/13/2019,97535
11/14/2019,97644
11/15/2019,98406
11/18/2019,98472
11/19/2019,98455
11/20/2019,98134
11/21/2019,97973
11/22/2019,98182
11/25/2019,98956
11/26/2019,99195
11/27/2019,99625
11/29/2019,99228
12/2/2019,98359
12/3/2019,97728
12/4/2019,98324
12/5/2019,98478
12/6/2019,99356
12/9/2019,99050
12/10/2019,98947
12/11/2019,99206
12/12/2019,100020
12/13/2019,100039
12/16/2019,100783
12/17/2019,100819
12/18/2019,100794
12/19/2019,101253
12/20/2019,101754
12/23/2019,101850
12/24/2019,101844
12/26/2019,102396
12/27/2019,102382
12/30/2019,101811
12/31/2019,102118
1/2/2020,102999
1/3/2020,102339
1/6/2020,102703
1/7/2020,102456
1/8/2020,102958
1/9/2020,103669
1/10/2020,103387
1/13/2020,104143
1/14/2020,104018
1/15/2020,104205
1/16/2020,105091
1/17/2020,105469
1/21/2020,105232
1/22/2020,105288
1/23/2020,105430
1/24/2020,104486
1/27/2020,102852
1/28/2020,103891
1/29/2020,103819
1/30/2020,104198
1/31/2020,102409
2/3/2020,103188
2/4/2020,104773
2/5/2020,105788
2/6/2020,106157
2/7/2020,105642
2/10/2020,106445
2/11/2020,106657
2/12/2020,107369
2/13/2020,107266
2/14/2020,107508
2/18/2020,107264
2/19/2020,107797
2/20/2020,107434
