DATE,WILLRESIPR
2/22/2000,76.6
2/23/2000,76.51
2/24/2000,76.17
2/25/2000,76.1
2/28/2000,75.94
2/29/2000,76.75
3/1/2000,76.25
3/2/2000,76.09
3/3/2000,76.23
3/6/2000,76.26
3/7/2000,75.42
3/8/2000,75.55
3/9/2000,75.56
3/10/2000,75.56
3/13/2000,75.43
3/14/2000,76.02
3/15/2000,76.75
3/16/2000,78.22
3/17/2000,78.59
3/20/2000,78.72
3/21/2000,79.01
3/22/2000,79.13
3/23/2000,79.18
3/24/2000,78.92
3/27/2000,78.81
3/28/2000,78.77
3/29/2000,78.73
3/30/2000,78.76
3/31/2000,79.31
4/3/2000,79.14
4/4/2000,79.15
4/5/2000,79.73
4/6/2000,80.99
4/7/2000,81.49
4/10/2000,82.05
4/11/2000,82.58
4/12/2000,83.05
4/13/2000,83.24
4/14/2000,82.31
4/17/2000,82
4/18/2000,82.62
4/19/2000,82.68
4/20/2000,82.67
4/21/2000,
4/24/2000,82.87
4/25/2000,83.41
4/26/2000,83.87
4/27/2000,84.03
4/28/2000,84.61
5/1/2000,86.09
5/2/2000,87.08
5/3/2000,86.56
5/4/2000,86.68
5/5/2000,86.78
5/8/2000,86.39
5/9/2000,86.45
5/10/2000,85.81
5/11/2000,86.26
5/12/2000,86.36
5/15/2000,86.82
5/16/2000,86.87
5/17/2000,86.24
5/18/2000,86.16
5/19/2000,85.94
5/22/2000,85.65
5/23/2000,85.48
5/24/2000,85.07
5/25/2000,84.65
5/26/2000,84.83
5/29/2000,
5/30/2000,85.22
5/31/2000,85.24
6/1/2000,85.19
6/2/2000,85.69
6/5/2000,85.55
6/6/2000,85.95
6/7/2000,86.53
6/8/2000,86.8
6/9/2000,87.1
6/12/2000,87.35
6/13/2000,87.82
6/14/2000,89.47
6/15/2000,88.94
6/16/2000,88.53
6/19/2000,88.74
6/20/2000,89.41
6/21/2000,89.48
6/22/2000,89.29
6/23/2000,89.26
6/26/2000,89.33
6/27/2000,89.79
6/28/2000,89.66
6/29/2000,90.13
6/30/2000,87.33
7/3/2000,89.6
7/4/2000,
7/5/2000,90.51
7/6/2000,91.27
7/7/2000,91.62
7/10/2000,91.64
7/11/2000,91.29
7/12/2000,90.94
7/13/2000,90.9
7/14/2000,90.77
7/17/2000,90.8
7/18/2000,90.78
7/19/2000,90.7
7/20/2000,91.72
7/21/2000,92.04
7/24/2000,92.31
7/25/2000,92.7
7/26/2000,94.02
7/27/2000,94.67
7/28/2000,94.67
7/31/2000,94.85
8/1/2000,96.37
8/2/2000,96.03
8/3/2000,95.14
8/4/2000,94.23
8/7/2000,93.82
8/8/2000,94.03
8/9/2000,94.29
8/10/2000,94.31
8/11/2000,94.7
8/14/2000,94.68
8/15/2000,94.39
8/16/2000,94.63
8/17/2000,94.68
8/18/2000,94.03
8/21/2000,93.65
8/22/2000,93.6
8/23/2000,92.61
8/24/2000,91.81
8/25/2000,91.92
8/28/2000,91.41
8/29/2000,90.76
8/30/2000,91.39
8/31/2000,91.02
9/1/2000,91.09
9/4/2000,
9/5/2000,91.51
9/6/2000,91.79
9/7/2000,92.46
9/8/2000,93.64
9/11/2000,94.39
9/12/2000,94.72
9/13/2000,94.38
9/14/2000,94
9/15/2000,93.53
9/18/2000,91.49
9/19/2000,92.84
9/20/2000,92.54
9/21/2000,92.08
9/22/2000,92.6
9/25/2000,92.03
9/26/2000,92.53
9/27/2000,92.88
9/28/2000,93.61
9/29/2000,93.18
10/2/2000,91.46
10/3/2000,91.17
10/4/2000,90.43
10/5/2000,90.5
10/6/2000,90.46
10/9/2000,90.3
10/10/2000,90.13
10/11/2000,89.41
10/12/2000,88.12
10/13/2000,88.72
10/16/2000,89.09
10/17/2000,88.17
10/18/2000,87.67
10/19/2000,88.4
10/20/2000,88.62
10/23/2000,87.98
10/24/2000,87.51
10/25/2000,86.58
10/26/2000,87.08
10/27/2000,88.04
10/30/2000,87.93
10/31/2000,88.78
11/1/2000,88.18
11/2/2000,88.41
11/3/2000,88.18
11/6/2000,88.35
11/7/2000,88.54
11/8/2000,88.8
11/9/2000,88.83
11/10/2000,88.14
11/13/2000,88.26
11/14/2000,88.78
11/15/2000,89
11/16/2000,89.21
11/17/2000,89.35
11/20/2000,89.3
11/21/2000,89.45
11/22/2000,89.03
11/23/2000,
11/24/2000,89.41
11/27/2000,89.66
11/28/2000,89.51
11/29/2000,89.95
11/30/2000,90.35
12/1/2000,90.76
12/4/2000,90.95
12/5/2000,92.77
12/6/2000,92.48
12/7/2000,92.26
12/8/2000,93.01
12/11/2000,93.7
12/12/2000,93.83
12/13/2000,93.78
12/14/2000,93.81
12/15/2000,94.19
12/18/2000,95.38
12/19/2000,95.57
12/20/2000,94.91
12/21/2000,94.94
12/22/2000,94.63
12/25/2000,
12/26/2000,94.9
12/27/2000,96.34
12/28/2000,97.4
12/29/2000,95.65
1/1/2001,
1/2/2001,94.96
1/3/2001,96.74
1/4/2001,96.69
1/5/2001,94.9
1/8/2001,94.96
1/9/2001,95.06
1/10/2001,95.09
1/11/2001,94.79
1/12/2001,94.74
1/15/2001,
1/16/2001,95.04
1/17/2001,95.07
1/18/2001,95.24
1/19/2001,95.07
1/22/2001,95.24
1/23/2001,95.98
1/24/2001,95.73
1/25/2001,95.98
1/26/2001,95.87
1/29/2001,96.01
1/30/2001,96.45
1/31/2001,96.36
2/1/2001,96.25
2/2/2001,95.96
2/5/2001,95.94
2/6/2001,95.75
2/7/2001,95.28
2/8/2001,94.78
2/9/2001,93.99
2/12/2001,94.19
2/13/2001,94.12
2/14/2001,94.25
2/15/2001,94.49
2/16/2001,94.03
2/19/2001,
2/20/2001,93.94
2/21/2001,93.3
2/22/2001,92.38
2/23/2001,92.53
2/26/2001,92.94
2/27/2001,93.39
2/28/2001,93.94
3/1/2001,94.66
3/2/2001,95.09
3/5/2001,94.86
3/6/2001,94.95
3/7/2001,95.21
3/8/2001,95.39
3/9/2001,95.16
3/12/2001,94.29
3/13/2001,94.3
3/14/2001,93.52
3/15/2001,93.37
3/16/2001,92.98
3/19/2001,93.67
3/20/2001,93.32
3/21/2001,92.53
3/22/2001,91.9
3/23/2001,91.99
3/26/2001,93.38
3/27/2001,93.53
3/28/2001,92.19
3/29/2001,92.51
3/30/2001,93.21
4/2/2001,93.36
4/3/2001,92.2
4/4/2001,92.07
4/5/2001,93.26
4/6/2001,91.83
4/9/2001,92.12
4/10/2001,92.33
4/11/2001,90.8
4/12/2001,90.94
4/13/2001,
4/16/2001,90.69
4/17/2001,91.74
4/18/2001,93.11
4/19/2001,93.29
4/20/2001,93.07
4/23/2001,92.9
4/24/2001,92.86
4/25/2001,93.15
4/26/2001,93.95
4/27/2001,94.81
4/30/2001,95.09
5/1/2001,95.52
5/2/2001,95.03
5/3/2001,95.04
5/4/2001,94.91
5/7/2001,94.41
5/8/2001,94.26
5/9/2001,94.39
5/10/2001,94.5
5/11/2001,94.69
5/14/2001,94.98
5/15/2001,95.38
5/16/2001,95.85
5/17/2001,96.35
5/18/2001,96.73
5/21/2001,97.19
5/22/2001,97.63
5/23/2001,97.96
5/24/2001,98.46
5/25/2001,98.23
5/28/2001,
5/29/2001,98.02
5/30/2001,97.09
5/31/2001,97.3
6/1/2001,97.54
6/4/2001,98
6/5/2001,98.45
6/6/2001,98.59
6/7/2001,98.58
6/8/2001,98.3
6/11/2001,99.07
6/12/2001,99.76
6/13/2001,99.95
6/14/2001,99.81
6/15/2001,99.99
6/18/2001,100.37
6/19/2001,100.16
6/20/2001,100.85
6/21/2001,101.09
6/22/2001,100.55
6/25/2001,100.22
6/26/2001,101.16
6/27/2001,100.73
6/28/2001,101.33
6/29/2001,101.87
7/2/2001,101.9
7/3/2001,101.74
7/4/2001,
7/5/2001,101.42
7/6/2001,101.01
7/9/2001,100.11
7/10/2001,99.55
7/11/2001,99.08
7/12/2001,99.89
7/13/2001,100.24
7/16/2001,100.05
7/17/2001,100.59
7/18/2001,100.65
7/19/2001,100.69
7/20/2001,100.39
7/23/2001,99.92
7/24/2001,99.45
7/25/2001,99.74
7/26/2001,99.97
7/27/2001,99.78
7/30/2001,99.1
7/31/2001,99.37
8/1/2001,100.14
8/2/2001,100.6
8/3/2001,100.89
8/6/2001,101.01
8/7/2001,101.37
8/8/2001,101.47
8/9/2001,101.65
8/10/2001,102.57
8/13/2001,102.54
8/14/2001,103.05
8/15/2001,103.63
8/16/2001,103.73
8/17/2001,103.95
8/20/2001,104.4
8/21/2001,105.08
8/22/2001,105.18
8/23/2001,105.24
8/24/2001,104.69
8/27/2001,104.92
8/28/2001,104.65
8/29/2001,103.76
8/30/2001,102.53
8/31/2001,102.37
9/3/2001,
9/4/2001,102.17
9/5/2001,101.9
9/6/2001,100.55
9/7/2001,99.47
9/10/2001,99.14
9/11/2001,
9/12/2001,
9/13/2001,
9/14/2001,
9/17/2001,94.09
9/18/2001,94.65
9/19/2001,93.45
9/20/2001,91.16
9/21/2001,89.79
9/24/2001,90.72
9/25/2001,92.29
9/26/2001,93.18
9/27/2001,93.86
9/28/2001,95.4
10/1/2001,95.18
10/2/2001,94.63
10/3/2001,93.44
10/4/2001,94.58
10/5/2001,94.07
10/8/2001,93.96
10/9/2001,94
10/10/2001,94.53
10/11/2001,95.78
10/12/2001,95.45
10/15/2001,95.87
10/16/2001,94.97
10/17/2001,94.34
10/18/2001,93.33
10/19/2001,92.64
10/22/2001,91.47
10/23/2001,91.53
10/24/2001,90.48
10/25/2001,90.89
10/26/2001,90.75
10/29/2001,91.01
10/30/2001,90.78
10/31/2001,91.5
11/1/2001,92.88
11/2/2001,92.11
11/5/2001,92.37
11/6/2001,93.51
11/7/2001,93.25
11/8/2001,93.7
11/9/2001,93.16
11/12/2001,93.53
11/13/2001,94.62
11/14/2001,95.16
11/15/2001,96.18
11/16/2001,96.24
11/19/2001,96.36
11/20/2001,95.81
11/21/2001,96.14
11/22/2001,
11/23/2001,96.65
11/26/2001,96.53
11/27/2001,96.32
11/28/2001,96.49
11/29/2001,97.04
11/30/2001,97.01
12/3/2001,96.52
12/4/2001,97.69
12/5/2001,98.69
12/6/2001,99.24
12/7/2001,99.27
12/10/2001,98.46
12/11/2001,98.86
12/12/2001,97.95
12/13/2001,97.23
12/14/2001,97.83
12/17/2001,98.16
12/18/2001,98.33
12/19/2001,97.88
12/20/2001,97.5
12/21/2001,98.1
12/24/2001,98.5
12/25/2001,
12/26/2001,98.94
12/27/2001,98.9
12/28/2001,99.17
12/31/2001,98.91
1/1/2002,
1/2/2002,98.83
1/3/2002,99.72
1/4/2002,99.69
1/7/2002,99.47
1/8/2002,99.41
1/9/2002,99.16
1/10/2002,99.11
1/11/2002,98.86
1/14/2002,99.73
1/15/2002,99.31
1/16/2002,98.78
1/17/2002,99.27
1/18/2002,98.56
1/21/2002,
1/22/2002,98.58
1/23/2002,98.63
1/24/2002,98.39
1/25/2002,98.43
1/28/2002,98.56
1/29/2002,98.29
1/30/2002,98.88
1/31/2002,99.04
2/1/2002,99.02
2/4/2002,99.13
2/5/2002,98.93
2/6/2002,98.45
2/7/2002,98.22
2/8/2002,98.38
2/11/2002,99.17
2/12/2002,98.7
2/13/2002,99.28
2/14/2002,99.52
2/15/2002,100.02
2/18/2002,
2/19/2002,99.71
2/20/2002,100.54
2/21/2002,99.53
2/22/2002,100.78
2/25/2002,100.86
2/26/2002,100.98
2/27/2002,101
2/28/2002,100.94
3/1/2002,101.99
3/4/2002,103.34
3/5/2002,104.83
3/6/2002,105.31
3/7/2002,105.22
3/8/2002,105.25
3/11/2002,104.52
3/12/2002,104.42
3/13/2002,104.25
3/14/2002,105.4
3/15/2002,105.82
3/18/2002,106.07
3/19/2002,106.4
3/20/2002,106.14
3/21/2002,106.84
3/22/2002,106.73
3/25/2002,106.04
3/26/2002,106.28
3/27/2002,106.63
3/28/2002,106.4
3/29/2002,
4/1/2002,106.46
4/2/2002,106.59
4/3/2002,106.36
4/4/2002,106.84
4/5/2002,107.54
4/8/2002,108.51
4/9/2002,109.49
4/10/2002,110.96
4/11/2002,110.31
4/12/2002,111.9
4/15/2002,110.75
4/16/2002,109.62
4/17/2002,108.08
4/18/2002,108.2
4/19/2002,107.42
4/22/2002,106.25
4/23/2002,104.98
4/24/2002,105.61
4/25/2002,106.06
4/26/2002,105.71
4/29/2002,105.51
4/30/2002,106.75
5/1/2002,107.65
5/2/2002,108.44
5/3/2002,108.33
5/6/2002,107.17
5/7/2002,106.77
5/8/2002,106.41
5/9/2002,105
5/10/2002,104.13
5/13/2002,104.49
5/14/2002,105.01
5/15/2002,105.65
5/16/2002,105.23
5/17/2002,105.64
5/20/2002,105.17
5/21/2002,104.4
5/22/2002,104.28
5/23/2002,106.09
5/24/2002,106
5/27/2002,
5/28/2002,106.71
5/29/2002,107.58
5/30/2002,107.53
5/31/2002,107.34
6/3/2002,107
6/4/2002,107.37
6/5/2002,107.23
6/6/2002,106.79
6/7/2002,106.73
6/10/2002,107.15
6/11/2002,107.16
6/12/2002,107.16
6/13/2002,107.05
6/14/2002,106.84
6/17/2002,107.76
6/18/2002,107.03
6/19/2002,107.11
6/20/2002,107.47
6/21/2002,108.56
6/24/2002,108.21
6/25/2002,108.95
6/26/2002,107.85
6/27/2002,107.97
6/28/2002,108.8
7/1/2002,107.57
7/2/2002,106.21
7/3/2002,104.96
7/4/2002,
7/5/2002,106.06
7/8/2002,104.91
7/9/2002,104.14
7/10/2002,102.54
7/11/2002,100.8
7/12/2002,100.24
7/15/2002,99.49
7/16/2002,100.27
7/17/2002,99.27
7/18/2002,96.6
7/19/2002,94.75
7/22/2002,92.99
7/23/2002,90.06
7/24/2002,90.62
7/25/2002,92.12
7/26/2002,95.36
7/29/2002,100.26
7/30/2002,101.49
7/31/2002,101.77
8/1/2002,99.7
8/2/2002,97.69
8/5/2002,96.09
8/6/2002,96.79
8/7/2002,98.22
8/8/2002,98.24
8/9/2002,97.25
8/12/2002,98.32
8/13/2002,96.93
8/14/2002,97.75
8/15/2002,98.33
8/16/2002,99.65
8/19/2002,98.99
8/20/2002,98.76
8/21/2002,99.66
8/22/2002,99.79
8/23/2002,99.96
8/26/2002,100.89
8/27/2002,100.8
8/28/2002,101.2
8/29/2002,100.87
8/30/2002,101.3
9/2/2002,
9/3/2002,100.24
9/4/2002,100.74
9/5/2002,100.12
9/6/2002,100.74
9/9/2002,100.59
9/10/2002,100.62
9/11/2002,100.43
9/12/2002,99.59
9/13/2002,100.18
9/16/2002,99.74
9/17/2002,99.26
9/18/2002,98.86
9/19/2002,97.87
9/20/2002,98.61
9/23/2002,98.09
9/24/2002,97.25
9/25/2002,96.98
9/26/2002,97.89
9/27/2002,96.58
9/30/2002,96.1
10/1/2002,95.95
10/2/2002,94.5
10/3/2002,94.37
10/4/2002,92.76
10/7/2002,90.12
10/8/2002,89.09
10/9/2002,86.25
10/10/2002,88.54
10/11/2002,90.29
10/14/2002,89.11
10/15/2002,91.3
10/16/2002,90.31
10/17/2002,91.65
10/18/2002,91.37
10/21/2002,91.21
10/22/2002,89.66
10/23/2002,89.6
10/24/2002,90.38
10/25/2002,91.79
10/28/2002,91.13
10/29/2002,90.53
10/30/2002,90.69
10/31/2002,91.01
11/1/2002,91.9
11/4/2002,93.24
11/5/2002,93.5
11/6/2002,94.24
11/7/2002,93.66
11/8/2002,93.02
11/11/2002,92.25
11/12/2002,93.24
11/13/2002,92.16
11/14/2002,93.71
11/15/2002,93.55
11/18/2002,93.18
11/19/2002,93.22
11/20/2002,93.53
11/21/2002,93.97
11/22/2002,94.55
11/25/2002,94.59
11/26/2002,94.35
11/27/2002,95.25
11/28/2002,
11/29/2002,95.05
12/2/2002,96.08
12/3/2002,95.67
12/4/2002,95.42
12/5/2002,95.46
12/6/2002,95.38
12/9/2002,95.81
12/10/2002,95.5
12/11/2002,95.11
12/12/2002,95.17
12/13/2002,94.59
12/16/2002,95.47
12/17/2002,94.61
12/18/2002,94.05
12/19/2002,93.99
12/20/2002,94.52
12/23/2002,95.2
12/24/2002,95.29
12/25/2002,
12/26/2002,95.25
12/27/2002,94.79
12/30/2002,95.32
12/31/2002,95.46
1/1/2003,
1/2/2003,96
1/3/2003,96.69
1/6/2003,97.57
1/7/2003,96.15
1/8/2003,95.19
1/9/2003,95.48
1/10/2003,94.61
1/13/2003,94.2
1/14/2003,94.31
1/15/2003,93.99
1/16/2003,93.07
1/17/2003,92.15
1/20/2003,
1/21/2003,91.66
1/22/2003,91.65
1/23/2003,91.9
1/24/2003,90.97
1/27/2003,90.55
1/28/2003,90.64
1/29/2003,91.61
1/30/2003,90.92
1/31/2003,92.39
2/3/2003,91.95
2/4/2003,92.15
2/5/2003,92.17
2/6/2003,92.24
2/7/2003,91.47
2/10/2003,92.25
2/11/2003,91.43
2/12/2003,90.68
2/13/2003,90.66
2/14/2003,90.36
2/17/2003,
2/18/2003,91.5
2/19/2003,92
2/20/2003,92.11
2/21/2003,92.98
2/24/2003,92.14
2/25/2003,93.04
2/26/2003,92.52
2/27/2003,93.19
2/28/2003,93.32
3/3/2003,93.38
3/4/2003,92.69
3/5/2003,92.91
3/6/2003,92.44
3/7/2003,92.63
3/10/2003,91.53
3/11/2003,91.43
3/12/2003,91.2
3/13/2003,92.24
3/14/2003,91.97
3/17/2003,93.94
3/18/2003,94.11
3/19/2003,95.17
3/20/2003,96.27
3/21/2003,97.97
3/24/2003,95.3
3/25/2003,96.39
3/26/2003,96.73
3/27/2003,96.04
3/28/2003,95.67
3/31/2003,94.91
4/1/2003,96.66
4/2/2003,97.69
4/3/2003,97.28
4/4/2003,96.58
4/7/2003,97.74
4/8/2003,97.11
4/9/2003,97.23
4/10/2003,96.9
4/11/2003,96.52
4/14/2003,97.81
4/15/2003,98.21
4/16/2003,98.37
4/17/2003,99.03
4/18/2003,
4/21/2003,99.7
4/22/2003,100.79
4/23/2003,101.12
4/24/2003,100.02
4/25/2003,99.27
4/28/2003,99.22
4/29/2003,99.6
4/30/2003,98.62
5/1/2003,99.11
5/2/2003,100.21
5/5/2003,101.04
5/6/2003,102.12
5/7/2003,101.4
5/8/2003,101.95
5/9/2003,102.83
5/12/2003,103.39
5/13/2003,103.4
5/14/2003,102.78
5/15/2003,103.01
5/16/2003,103.39
5/19/2003,102.77
5/20/2003,103.54
5/21/2003,103.93
5/22/2003,104.8
5/23/2003,105.15
5/26/2003,
5/27/2003,105.28
5/28/2003,103.94
5/29/2003,101.77
5/30/2003,103.77
6/2/2003,104.31
6/3/2003,104.71
6/4/2003,105.77
6/5/2003,105.84
6/6/2003,106.97
6/9/2003,106.16
6/10/2003,107.5
6/11/2003,108.31
6/12/2003,106.86
6/13/2003,105.35
6/16/2003,106.33
6/17/2003,105.52
6/18/2003,104.31
6/19/2003,104.06
6/20/2003,104.11
6/23/2003,102.98
6/24/2003,103.45
6/25/2003,104.01
6/26/2003,104.92
6/27/2003,105.16
6/30/2003,105.04
7/1/2003,105.76
7/2/2003,107.27
7/3/2003,107.72
7/4/2003,
7/7/2003,108.89
7/8/2003,108.98
7/9/2003,108.43
7/10/2003,106.84
7/11/2003,107.9
7/14/2003,108.73
7/15/2003,108.75
7/16/2003,108.46
7/17/2003,106.98
7/18/2003,107.66
7/21/2003,107.13
7/22/2003,107.91
7/23/2003,107.3
7/24/2003,108.3
7/25/2003,109.03
7/28/2003,108.59
7/29/2003,109.47
7/30/2003,110.9
7/31/2003,110.78
8/1/2003,110.39
8/4/2003,109.88
8/5/2003,109.48
8/6/2003,109.48
8/7/2003,109.96
8/8/2003,109.85
8/11/2003,109.88
8/12/2003,109.93
8/13/2003,109.26
8/14/2003,109.92
8/15/2003,109.33
8/18/2003,109.92
8/19/2003,110.4
8/20/2003,110.75
8/21/2003,111.09
8/22/2003,110.01
8/25/2003,109.23
8/26/2003,110.04
8/27/2003,111.13
8/28/2003,111.02
8/29/2003,111.51
9/1/2003,
9/2/2003,112.94
9/3/2003,113.98
9/4/2003,114.14
9/5/2003,113.71
9/8/2003,114.03
9/9/2003,113.79
9/10/2003,112.09
9/11/2003,112.86
9/12/2003,113.09
9/15/2003,112.68
9/16/2003,112.88
9/17/2003,112.2
9/18/2003,112.95
9/19/2003,113.8
9/22/2003,113.77
9/23/2003,114.65
9/24/2003,113.84
9/25/2003,113.59
9/26/2003,113.13
9/29/2003,113.93
9/30/2003,114.43
10/1/2003,115.36
10/2/2003,116.39
10/3/2003,117.49
10/6/2003,118.83
10/7/2003,118.63
10/8/2003,118.46
10/9/2003,118.85
10/10/2003,118.55
10/13/2003,118.97
10/14/2003,119.18
10/15/2003,118.78
10/16/2003,119.14
10/17/2003,118.04
10/20/2003,117.93
10/21/2003,117.85
10/22/2003,116.48
10/23/2003,115.49
10/24/2003,114.64
10/27/2003,115.94
10/28/2003,115.1
10/29/2003,116.09
10/30/2003,116.29
10/31/2003,115.61
11/3/2003,117.04
11/4/2003,117.08
11/5/2003,116.83
11/6/2003,117.88
11/7/2003,118.51
11/10/2003,118.29
11/11/2003,117.6
11/12/2003,118.99
11/13/2003,119.42
11/14/2003,119.85
11/17/2003,119.43
11/18/2003,119.29
11/19/2003,118.9
11/20/2003,117.73
11/21/2003,117.37
11/24/2003,118.1
11/25/2003,119.1
11/26/2003,119.75
11/27/2003,
11/28/2003,120.14
12/1/2003,121.68
12/2/2003,121.37
12/3/2003,121.29
12/4/2003,120.64
12/5/2003,120.47
12/8/2003,121.25
12/9/2003,121.36
12/10/2003,120.9
12/11/2003,121.53
12/12/2003,121.95
12/15/2003,121.28
12/16/2003,122.01
12/17/2003,121.93
12/18/2003,122.09
12/19/2003,122.31
12/22/2003,122.89
12/23/2003,122.75
12/24/2003,123
12/25/2003,
12/26/2003,123.07
12/29/2003,123.63
12/30/2003,123.86
12/31/2003,122.96
1/1/2004,
1/2/2004,122.76
1/5/2004,122.76
1/6/2004,123.03
1/7/2004,122.38
1/8/2004,122.78
1/9/2004,123
1/12/2004,123
1/13/2004,123.18
1/14/2004,123.79
1/15/2004,123.56
1/16/2004,122.73
1/19/2004,
1/20/2004,122.56
1/21/2004,122.74
1/22/2004,123.17
1/23/2004,124.2
1/26/2004,125.52
1/27/2004,126.46
1/28/2004,126.37
1/29/2004,126.53
1/30/2004,127.16
2/2/2004,128.89
2/3/2004,128.72
2/4/2004,126.25
2/5/2004,127.3
2/6/2004,129.54
2/9/2004,129.58
2/10/2004,130.24
2/11/2004,130.82
2/12/2004,129.37
2/13/2004,128.41
2/16/2004,
2/17/2004,128.74
2/18/2004,128.3
2/19/2004,128.23
2/20/2004,128.15
2/23/2004,128.14
2/24/2004,128.34
2/25/2004,129.31
2/26/2004,129.08
2/27/2004,129.34
3/1/2004,130.89
3/2/2004,131.75
3/3/2004,132.43
3/4/2004,133.07
3/5/2004,133.85
3/8/2004,134.01
3/9/2004,133.97
3/10/2004,132.36
3/11/2004,130.67
3/12/2004,132
3/15/2004,130.89
3/16/2004,131.37
3/17/2004,133.38
3/18/2004,133.91
3/19/2004,134.09
3/22/2004,133.56
3/23/2004,134.26
3/24/2004,133.32
3/25/2004,135.01
3/26/2004,133.57
3/29/2004,134.1
3/30/2004,135.22
3/31/2004,136.19
4/1/2004,137.46
4/2/2004,136.28
4/5/2004,131.51
4/6/2004,126.42
4/7/2004,128.31
4/8/2004,125.93
4/9/2004,
4/12/2004,119.91
4/13/2004,119.06
4/14/2004,117.79
4/15/2004,120.11
4/16/2004,121.29
4/19/2004,122.03
4/20/2004,117.84
4/21/2004,118.11
4/22/2004,119.74
4/23/2004,118.68
4/26/2004,119.25
4/27/2004,120.21
4/28/2004,119.38
4/29/2004,117.62
4/30/2004,116.93
5/3/2004,118.83
5/4/2004,119.55
5/5/2004,118.36
5/6/2004,118.36
5/7/2004,114.54
5/10/2004,113.26
5/11/2004,113.97
5/12/2004,113.97
5/13/2004,114.04
5/14/2004,115.32
5/17/2004,116.07
5/18/2004,118.28
5/19/2004,115.7
5/20/2004,118.04
5/21/2004,118.12
5/24/2004,119.33
5/25/2004,121.74
5/26/2004,123.43
5/27/2004,124.04
5/28/2004,125.27
5/31/2004,
6/1/2004,123.96
6/2/2004,125.76
6/3/2004,124.87
6/4/2004,125.19
6/7/2004,126.24
6/8/2004,126
6/9/2004,125.44
6/10/2004,125.02
6/11/2004,
6/14/2004,122.85
6/15/2004,125.13
6/16/2004,125.38
6/17/2004,126.24
6/18/2004,126.68
6/21/2004,127.99
6/22/2004,127.93
6/23/2004,128.77
6/24/2004,128.38
6/25/2004,129.29
6/28/2004,129.62
6/29/2004,126.7
6/30/2004,128.33
7/1/2004,128.51
7/2/2004,130.88
7/5/2004,
7/6/2004,130.26
7/7/2004,131.58
7/8/2004,129.59
7/9/2004,129.69
7/12/2004,130.82
7/13/2004,129.62
7/14/2004,130.42
7/15/2004,131.64
7/16/2004,131.45
7/19/2004,132.33
7/20/2004,132.57
7/21/2004,131.39
7/22/2004,128.37
7/23/2004,127.49
7/26/2004,126.39
7/27/2004,126.65
7/28/2004,127.78
7/29/2004,127.62
7/30/2004,128.62
8/2/2004,130.62
8/3/2004,130.92
8/4/2004,132
8/5/2004,129.75
8/6/2004,129.25
8/9/2004,129.46
8/10/2004,130
8/11/2004,129.72
8/12/2004,128.23
8/13/2004,128.07
8/16/2004,130.04
8/17/2004,131.43
8/18/2004,133.02
8/19/2004,130.84
8/20/2004,134.73
8/23/2004,134.62
8/24/2004,136.51
8/25/2004,135.7
8/26/2004,136.35
8/27/2004,136.46
8/30/2004,137.19
8/31/2004,138.21
9/1/2004,137.86
9/2/2004,138.63
9/3/2004,139.41
9/6/2004,
9/7/2004,140.62
9/8/2004,140.37
9/9/2004,137.82
9/10/2004,138.09
9/13/2004,136.96
9/14/2004,135.23
9/15/2004,135.83
9/16/2004,138.21
9/17/2004,137.84
9/20/2004,136.32
9/21/2004,136.96
9/22/2004,135.97
9/23/2004,135.34
9/24/2004,135.68
9/27/2004,135.54
9/28/2004,135.95
9/29/2004,136.03
9/30/2004,137.12
10/1/2004,139.42
10/4/2004,139.9
10/5/2004,140.03
10/6/2004,140.84
10/7/2004,138.93
10/8/2004,140.08
10/11/2004,139.56
10/12/2004,140.75
10/13/2004,140.01
10/14/2004,141.27
10/15/2004,142.24
10/18/2004,143.23
10/19/2004,142
10/20/2004,141.49
10/21/2004,143.29
10/22/2004,142.21
10/25/2004,141.42
10/26/2004,143.39
10/27/2004,144.42
10/28/2004,144.69
10/29/2004,144.11
11/1/2004,145.95
11/2/2004,144.6
11/3/2004,145.95
11/4/2004,148.19
11/5/2004,144.28
11/8/2004,145.23
11/9/2004,145.47
11/10/2004,146.14
11/11/2004,147.68
11/12/2004,150.97
11/15/2004,152.47
11/16/2004,151.06
11/17/2004,147.75
11/18/2004,147.82
11/19/2004,145.86
11/22/2004,146.9
11/23/2004,148.53
11/24/2004,150.59
11/25/2004,
11/26/2004,150.05
11/29/2004,149.65
11/30/2004,150.41
12/1/2004,153.34
12/2/2004,151.98
12/3/2004,154.53
12/6/2004,155.36
12/7/2004,153.02
12/8/2004,153.71
12/9/2004,154.96
12/10/2004,156.07
12/13/2004,155.73
12/14/2004,155.38
12/15/2004,156.14
12/16/2004,154.49
12/17/2004,156.17
12/20/2004,156.07
12/21/2004,157.44
12/22/2004,158.34
12/23/2004,156.81
12/24/2004,
12/27/2004,156.64
12/28/2004,157.26
12/29/2004,157.53
12/30/2004,157.97
12/31/2004,157.68
1/3/2005,155.59
1/4/2005,153.67
1/5/2005,148.19
1/6/2005,149.46
1/7/2005,149.53
1/10/2005,148.88
1/11/2005,147.08
1/12/2005,146.54
1/13/2005,147.32
1/14/2005,148.59
1/17/2005,
1/18/2005,150.44
1/19/2005,150.84
1/20/2005,149.69
1/21/2005,149.72
1/24/2005,148.43
1/25/2005,145.43
1/26/2005,145.6
1/27/2005,144.16
1/28/2005,144.95
1/31/2005,144.39
2/1/2005,145.4
2/2/2005,146.86
2/3/2005,146.99
2/4/2005,149.53
2/7/2005,148.95
2/8/2005,149.23
2/9/2005,150.16
2/10/2005,150.74
2/11/2005,151.52
2/14/2005,151.61
2/15/2005,152.3
2/16/2005,152.8
2/17/2005,152.68
2/18/2005,151.35
2/21/2005,
2/22/2005,147.46
2/23/2005,146.89
2/24/2005,146.58
2/25/2005,149.43
2/28/2005,148.26
3/1/2005,149.87
3/2/2005,149.16
3/3/2005,149.89
3/4/2005,152.8
3/7/2005,153.71
3/8/2005,152.7
3/9/2005,148.3
3/10/2005,149.77
3/11/2005,147.86
3/14/2005,150
3/15/2005,149.63
3/16/2005,147.85
3/17/2005,149.22
3/18/2005,148.51
3/21/2005,147.59
3/22/2005,145.14
3/23/2005,144.4
3/24/2005,144.95
3/25/2005,
3/28/2005,144.12
3/29/2005,143.89
3/30/2005,145.93
3/31/2005,145.69
4/1/2005,145.37
4/4/2005,144.78
4/5/2005,144.77
4/6/2005,145.46
4/7/2005,146.78
4/8/2005,145.73
4/11/2005,146.04
4/12/2005,148.2
4/13/2005,148.11
4/14/2005,146.99
4/15/2005,146.41
4/18/2005,146.76
4/19/2005,147.51
4/20/2005,146.68
4/21/2005,147.63
4/22/2005,148.27
4/25/2005,150.18
4/26/2005,150.26
4/27/2005,151.61
4/28/2005,150.49
4/29/2005,152.61
5/2/2005,152.14
5/3/2005,151.8
5/4/2005,153.2
5/5/2005,154.3
5/6/2005,152.79
5/9/2005,155.7
5/10/2005,155.29
5/11/2005,155.6
5/12/2005,153.96
5/13/2005,152.44
5/16/2005,154.3
5/17/2005,155.2
5/18/2005,156.89
5/19/2005,158.84
5/20/2005,159.39
5/23/2005,159.59
5/24/2005,157.6
5/25/2005,155.54
5/26/2005,155.02
5/27/2005,155.96
5/30/2005,
5/31/2005,157.09
6/1/2005,159.07
6/2/2005,158.73
6/3/2005,158.71
6/6/2005,160.08
6/7/2005,161.47
6/8/2005,162.3
6/9/2005,162.42
6/10/2005,162.29
6/13/2005,162.78
6/14/2005,164.39
6/15/2005,164.3
6/16/2005,164.51
6/17/2005,166.49
6/20/2005,166.11
6/21/2005,164.63
6/22/2005,164.6
6/23/2005,164.31
6/24/2005,163.51
6/27/2005,163.2
6/28/2005,163.89
6/29/2005,164.15
6/30/2005,164.49
7/1/2005,166.01
7/4/2005,
7/5/2005,167.87
7/6/2005,167.21
7/7/2005,167.94
7/8/2005,170.43
7/11/2005,172.71
7/12/2005,172.83
7/13/2005,171.66
7/14/2005,168.82
7/15/2005,169.7
7/18/2005,170.15
7/19/2005,171.46
7/20/2005,172.88
7/21/2005,170.53
7/22/2005,171.91
7/25/2005,172.29
7/26/2005,173.89
7/27/2005,174.4
7/28/2005,176.84
7/29/2005,176.53
8/1/2005,176.52
8/2/2005,177.88
8/3/2005,177.27
8/4/2005,173.88
8/5/2005,168.13
8/8/2005,162.32
8/9/2005,163.84
8/10/2005,164.59
8/11/2005,166.32
8/12/2005,166.5
8/15/2005,167.78
8/16/2005,168.52
8/17/2005,167.21
8/18/2005,166.06
8/19/2005,165.49
8/22/2005,166.36
8/23/2005,166.59
8/24/2005,167.06
8/25/2005,167.71
8/26/2005,165.78
8/29/2005,165.34
8/30/2005,165.51
8/31/2005,168.9
9/1/2005,169.79
9/2/2005,169.32
9/5/2005,
9/6/2005,173.04
9/7/2005,172.15
9/8/2005,171.73
9/9/2005,172.49
9/12/2005,171.9
9/13/2005,170.73
9/14/2005,170.19
9/15/2005,170.61
9/16/2005,170.67
9/19/2005,169.09
9/20/2005,167.71
9/21/2005,164.19
9/22/2005,164.76
9/23/2005,165.27
9/26/2005,165.88
9/27/2005,165.48
9/28/2005,163.71
9/29/2005,166.06
9/30/2005,168.48
10/3/2005,169.05
10/4/2005,166.46
10/5/2005,163.38
10/6/2005,163.18
10/7/2005,161.82
10/10/2005,159.76
10/11/2005,158.79
10/12/2005,156.05
10/13/2005,155.92
10/14/2005,159.38
10/17/2005,160.18
10/18/2005,158.5
10/19/2005,160.71
10/20/2005,158.37
10/21/2005,160.03
10/24/2005,163.24
10/25/2005,162.36
10/26/2005,160.92
10/27/2005,158.9
10/28/2005,163.55
10/31/2005,164.89
11/1/2005,161.33
11/2/2005,162.89
11/3/2005,161.88
11/4/2005,161.42
11/7/2005,162.38
11/8/2005,161.44
11/9/2005,163.08
11/10/2005,166.66
11/11/2005,167.93
11/14/2005,167.29
11/15/2005,166.89
11/16/2005,166.16
11/17/2005,168.55
11/18/2005,169.65
11/21/2005,170.53
11/22/2005,172.42
11/23/2005,173.4
11/24/2005,
11/25/2005,173.71
11/28/2005,171.99
11/29/2005,172.6
11/30/2005,171.67
12/1/2005,174.03
12/2/2005,173.95
12/5/2005,172.54
12/6/2005,172.1
12/7/2005,171.15
12/8/2005,172.52
12/9/2005,173.28
12/12/2005,173.06
12/13/2005,173.91
12/14/2005,174.4
12/15/2005,173.04
12/16/2005,173.22
12/19/2005,171.14
12/20/2005,171.02
12/21/2005,172.23
12/22/2005,173.13
12/23/2005,173.77
12/26/2005,
12/27/2005,173.53
12/28/2005,172.89
12/29/2005,171.97
12/30/2005,171.29
1/2/2006,
1/3/2006,174.81
1/4/2006,175.4
1/5/2006,177.07
1/6/2006,178.96
1/9/2006,180.34
1/10/2006,181.93
1/11/2006,181.66
1/12/2006,181.05
1/13/2006,178.5
1/16/2006,
1/17/2006,178.08
1/18/2006,177.74
1/19/2006,180.07
1/20/2006,178.06
1/23/2006,179.19
1/24/2006,180.44
1/25/2006,180.21
1/26/2006,181.03
1/27/2006,183.42
1/30/2006,182.59
1/31/2006,183.18
2/1/2006,184.12
2/2/2006,182.71
2/3/2006,180.76
2/6/2006,181.55
2/7/2006,180.06
2/8/2006,179.35
2/9/2006,180.24
2/10/2006,180.44
2/13/2006,180.69
2/14/2006,181.71
2/15/2006,183.27
2/16/2006,184.6
2/17/2006,185.92
2/20/2006,
2/21/2006,186.43
2/22/2006,188.45
2/23/2006,188.24
2/24/2006,187.28
2/27/2006,187.48
2/28/2006,186.75
3/1/2006,187.8
3/2/2006,187.28
3/3/2006,186.46
3/6/2006,189.81
3/7/2006,187.54
3/8/2006,188.48
3/9/2006,190.21
3/10/2006,191.99
3/13/2006,190.69
3/14/2006,192.03
3/15/2006,195.41
3/16/2006,197.42
3/17/2006,199.31
3/20/2006,196.16
3/21/2006,193.85
3/22/2006,194.49
3/23/2006,194.95
3/24/2006,194.23
3/27/2006,192.34
3/28/2006,194.57
3/29/2006,198.43
3/30/2006,195.53
3/31/2006,195.85
4/3/2006,192.11
4/4/2006,190.68
4/5/2006,192.24
4/6/2006,191.32
4/7/2006,188.46
4/10/2006,186.42
4/11/2006,185.57
4/12/2006,185.59
4/13/2006,183.32
4/14/2006,
4/17/2006,182.63
4/18/2006,186.95
4/19/2006,189.49
4/20/2006,189.54
4/21/2006,189.77
4/24/2006,188.54
4/25/2006,187.31
4/26/2006,186.32
4/27/2006,187.8
4/28/2006,188.24
5/1/2006,185.97
5/2/2006,184.41
5/3/2006,184.57
5/4/2006,187.16
5/5/2006,189.66
5/8/2006,190.54
5/9/2006,190.52
5/10/2006,190.62
5/11/2006,186.39
5/12/2006,183.69
5/15/2006,186.04
5/16/2006,185.12
5/17/2006,181.58
5/18/2006,180.4
5/19/2006,180.4
5/22/2006,179.35
5/23/2006,178
5/24/2006,178.35
5/25/2006,182.42
5/26/2006,184.08
5/29/2006,
5/30/2006,182.47
5/31/2006,182.31
6/1/2006,186.09
6/2/2006,188.07
6/5/2006,189.14
6/6/2006,187.52
6/7/2006,188.19
6/8/2006,187.58
6/9/2006,189.11
6/12/2006,186.61
6/13/2006,184.88
6/14/2006,183.81
6/15/2006,186.77
6/16/2006,186.81
6/19/2006,185.65
6/20/2006,184.49
6/21/2006,186.49
6/22/2006,185.12
6/23/2006,184.05
6/26/2006,185.75
6/27/2006,185.29
6/28/2006,186.1
6/29/2006,189.74
6/30/2006,191.9
7/3/2006,194.38
7/4/2006,
7/5/2006,194.37
7/6/2006,194.89
7/7/2006,194.05
7/10/2006,196.07
7/11/2006,196.22
7/12/2006,197.01
7/13/2006,194.26
7/14/2006,191.67
7/17/2006,191.5
7/18/2006,193.68
7/19/2006,197.45
7/20/2006,195.49
7/21/2006,192.12
7/24/2006,195.43
7/25/2006,196.47
7/26/2006,197.35
7/27/2006,196.62
7/28/2006,199.44
7/31/2006,198.29
8/1/2006,197.43
8/2/2006,197.1
8/3/2006,199.04
8/4/2006,202.3
8/7/2006,200.13
8/8/2006,196.77
8/9/2006,195.81
8/10/2006,195.73
8/11/2006,194.13
8/14/2006,196.09
8/15/2006,198.1
8/16/2006,198.22
8/17/2006,198.43
8/18/2006,199.02
8/21/2006,200.15
8/22/2006,201.85
8/23/2006,200.02
8/24/2006,201.07
8/25/2006,200.78
8/28/2006,202.91
8/29/2006,202.83
8/30/2006,204.52
8/31/2006,204.41
9/1/2006,203.27
9/4/2006,
9/5/2006,205.23
9/6/2006,204.41
9/7/2006,202.83
9/8/2006,204.67
9/11/2006,205.65
9/12/2006,208.15
9/13/2006,209.4
9/14/2006,208.2
9/15/2006,209.55
9/18/2006,208.04
9/19/2006,209.65
9/20/2006,208.89
9/21/2006,206.61
9/22/2006,207.61
9/25/2006,207.34
9/26/2006,206.89
9/27/2006,208.45
9/28/2006,207.57
9/29/2006,207.42
10/2/2006,207.09
10/3/2006,209.14
10/4/2006,211.55
10/5/2006,213.21
10/6/2006,211.24
10/9/2006,212.9
10/10/2006,212.84
10/11/2006,211.91
10/12/2006,213.55
10/13/2006,215.79
10/16/2006,216.77
10/17/2006,216.01
10/18/2006,217.21
10/19/2006,216.71
10/20/2006,216.58
10/23/2006,217.79
10/24/2006,216.81
10/25/2006,217.94
10/26/2006,219.94
10/27/2006,218.37
10/30/2006,219.75
10/31/2006,220.11
11/1/2006,218.33
11/2/2006,214.19
11/3/2006,211.48
11/6/2006,213.38
11/7/2006,210.77
11/8/2006,211.23
11/9/2006,211.6
11/10/2006,212.8
11/13/2006,212.93
11/14/2006,215.93
11/15/2006,215.69
11/16/2006,217.31
11/17/2006,216.53
11/20/2006,224.18
11/21/2006,228.06
11/22/2006,228.68
11/23/2006,
11/24/2006,230.2
11/27/2006,224
11/28/2006,224.15
11/29/2006,227.58
11/30/2006,229.89
12/1/2006,229.32
12/4/2006,232.32
12/5/2006,230.23
12/6/2006,228.72
12/7/2006,227.68
12/8/2006,227.88
12/11/2006,228.48
12/12/2006,227.42
12/13/2006,225.98
12/14/2006,226.14
12/15/2006,224.69
12/18/2006,223.16
12/19/2006,220.98
12/20/2006,222.84
12/21/2006,220.54
12/22/2006,218.76
12/25/2006,
12/26/2006,220.46
12/27/2006,221.95
12/28/2006,222.53
12/29/2006,223.18
1/1/2007,
1/2/2007,
1/3/2007,223.25
1/4/2007,223.21
1/5/2007,219.56
1/8/2007,219.46
1/9/2007,222.27
1/10/2007,225.32
1/11/2007,228.22
1/12/2007,228.97
1/15/2007,
1/16/2007,232.46
1/17/2007,232.57
1/18/2007,231.96
1/19/2007,234.63
1/22/2007,232.8
1/23/2007,233.83
1/24/2007,237.18
1/25/2007,238.92
1/26/2007,239.63
1/29/2007,239.86
1/30/2007,241.31
1/31/2007,242.96
2/1/2007,243.94
2/2/2007,244.81
2/5/2007,245.11
2/6/2007,248.51
2/7/2007,253.67
2/8/2007,252.2
2/9/2007,249.17
2/12/2007,244.29
2/13/2007,248.79
2/14/2007,247.18
2/15/2007,249.1
2/16/2007,248.13
2/19/2007,
2/20/2007,250.19
2/21/2007,249.37
2/22/2007,248.04
2/23/2007,243.89
2/26/2007,242.59
2/27/2007,234.65
2/28/2007,236.99
3/1/2007,234.8
3/2/2007,230.11
3/5/2007,221.5
3/6/2007,229.12
3/7/2007,225.78
3/8/2007,229.47
3/9/2007,232.56
3/12/2007,233.87
3/13/2007,227.95
3/14/2007,228.98
3/15/2007,231.26
3/16/2007,229.09
3/19/2007,231.51
3/20/2007,231.7
3/21/2007,234.93
3/22/2007,234.69
3/23/2007,234.9
3/26/2007,231.47
3/27/2007,228.32
3/28/2007,226.45
3/29/2007,226.6
3/30/2007,229.72
4/2/2007,231.64
4/3/2007,233.53
4/4/2007,232.37
4/5/2007,232.25
4/6/2007,
4/9/2007,232.63
4/10/2007,233.59
4/11/2007,229.63
4/12/2007,228.25
4/13/2007,230.55
4/16/2007,231.03
4/17/2007,234.05
4/18/2007,232.46
4/19/2007,230.87
4/20/2007,232.5
4/23/2007,235.59
4/24/2007,233.86
4/25/2007,233.93
4/26/2007,233.42
4/27/2007,233.09
4/30/2007,229.14
5/1/2007,227.17
5/2/2007,228.85
5/3/2007,229.4
5/4/2007,227.35
5/7/2007,228.08
5/8/2007,226.46
5/9/2007,229.01
5/10/2007,225.7
5/11/2007,229.12
5/14/2007,227.59
5/15/2007,223.92
5/16/2007,221.63
5/17/2007,217.39
5/18/2007,214.85
5/21/2007,216.52
5/22/2007,219.21
5/23/2007,217.06
5/24/2007,213.18
5/25/2007,215.2
5/28/2007,
5/29/2007,223.27
5/30/2007,229.33
5/31/2007,228.59
6/1/2007,228.7
6/4/2007,229.87
6/5/2007,225.77
6/6/2007,224.34
6/7/2007,217.28
6/8/2007,220.35
6/11/2007,216.7
6/12/2007,212.88
6/13/2007,217.77
6/14/2007,215.32
6/15/2007,217.41
6/18/2007,213.8
6/19/2007,214.57
6/20/2007,209.36
6/21/2007,208.89
6/22/2007,207.89
6/25/2007,204.6
6/26/2007,204.32
6/27/2007,208.71
6/28/2007,207.3
6/29/2007,206.36
7/2/2007,211.54
7/3/2007,210.94
7/4/2007,
7/5/2007,214.29
7/6/2007,213.92
7/9/2007,213.36
7/10/2007,207.94
7/11/2007,207.01
7/12/2007,210.36
7/13/2007,212.37
7/16/2007,211.36
7/17/2007,210.01
7/18/2007,209.16
7/19/2007,210.27
7/20/2007,206.13
7/23/2007,202.96
7/24/2007,198.73
7/25/2007,197.68
7/26/2007,193.55
7/27/2007,188.16
7/30/2007,189.98
7/31/2007,189.81
8/1/2007,191.61
8/2/2007,193.79
8/3/2007,188.24
8/6/2007,193.2
8/7/2007,194.07
8/8/2007,201.77
8/9/2007,200.79
8/10/2007,194.23
8/13/2007,193.04
8/14/2007,186.33
8/15/2007,184.01
8/16/2007,189.93
8/17/2007,194.4
8/20/2007,198.01
8/21/2007,200.58
8/22/2007,201.22
8/23/2007,199.19
8/24/2007,198.79
8/27/2007,195.41
8/28/2007,189.58
8/29/2007,194.62
8/30/2007,196.17
8/31/2007,200.32
9/3/2007,
9/4/2007,202.99
9/5/2007,198.22
9/6/2007,199.44
9/7/2007,195.13
9/10/2007,193.05
9/11/2007,195.64
9/12/2007,195.29
9/13/2007,198.9
9/14/2007,199.56
9/17/2007,198.61
9/18/2007,205.26
9/19/2007,209.06
9/20/2007,205.26
9/21/2007,205.13
9/24/2007,208.74
9/25/2007,205.23
9/26/2007,206.2
9/27/2007,207.91
9/28/2007,207.37
10/1/2007,211.42
10/2/2007,215.09
10/3/2007,214.4
10/4/2007,215.83
10/5/2007,220.62
10/8/2007,217.51
10/9/2007,219.36
10/10/2007,219.16
10/11/2007,217.74
10/12/2007,215.96
10/15/2007,211.13
10/16/2007,208.13
10/17/2007,207.58
10/18/2007,208.11
10/19/2007,200.63
10/22/2007,202.99
10/23/2007,205.15
10/24/2007,203.62
10/25/2007,204.08
10/26/2007,205.63
10/29/2007,203.66
10/30/2007,205.53
10/31/2007,209.14
11/1/2007,200.97
11/2/2007,196.79
11/5/2007,194.59
11/6/2007,196.1
11/7/2007,189.76
11/8/2007,190.61
11/9/2007,189.97
11/12/2007,190.13
11/13/2007,197.31
11/14/2007,193.93
11/15/2007,192.62
11/16/2007,189.84
11/19/2007,184.95
11/20/2007,181.43
11/21/2007,180.76
11/22/2007,
11/23/2007,184.39
11/26/2007,174.65
11/27/2007,178.38
11/28/2007,185.3
11/29/2007,184.66
11/30/2007,188.13
12/3/2007,186.57
12/4/2007,181.37
12/5/2007,187.37
12/6/2007,193.58
12/7/2007,193.01
12/10/2007,197.03
12/11/2007,186.01
12/12/2007,185.78
12/13/2007,183.75
12/14/2007,178.03
12/17/2007,173.26
12/18/2007,174.52
12/19/2007,176.91
12/20/2007,176.68
12/21/2007,179.61
12/24/2007,186.19
12/25/2007,
12/26/2007,182.86
12/27/2007,177.17
12/28/2007,174.59
12/31/2007,176.23
1/1/2008,
1/2/2008,175.07
1/3/2008,168.91
1/4/2008,162.67
1/7/2008,164.26
1/8/2008,158.2
1/9/2008,160.86
1/10/2008,163.52
1/11/2008,163.43
1/14/2008,163.08
1/15/2008,158.55
1/16/2008,161.54
1/17/2008,158.88
1/18/2008,156.97
1/21/2008,
1/22/2008,162.35
1/23/2008,176.67
1/24/2008,172.95
1/25/2008,170.89
1/28/2008,176.84
1/29/2008,175.38
1/30/2008,171.64
1/31/2008,175.06
2/1/2008,181.73
2/4/2008,179.75
2/5/2008,172.81
2/6/2008,170.07
2/7/2008,174.03
2/8/2008,168.35
2/11/2008,165.29
2/12/2008,169.96
2/13/2008,170.99
2/14/2008,167.37
2/15/2008,168.81
2/18/2008,
2/19/2008,166.89
2/20/2008,169.6
2/21/2008,165.81
2/22/2008,169.71
2/25/2008,175.01
2/26/2008,175.06
2/27/2008,173.63
2/28/2008,170.61
2/29/2008,167.78
3/3/2008,169.52
3/4/2008,168.36
3/5/2008,168.8
3/6/2008,161.76
3/7/2008,164.29
3/10/2008,161.47
3/11/2008,172.06
3/12/2008,168.96
3/13/2008,170.95
3/14/2008,168.05
3/17/2008,167.64
3/18/2008,175.73
3/19/2008,174.28
3/20/2008,181.29
3/21/2008,
3/24/2008,184.52
3/25/2008,185.23
3/26/2008,181.25
3/27/2008,179.03
3/28/2008,176.97
3/31/2008,177.91
4/1/2008,187.9
4/2/2008,187.73
4/3/2008,191.73
4/4/2008,188.48
4/7/2008,188.62
4/8/2008,185.75
4/9/2008,181.58
4/10/2008,183.52
4/11/2008,180.83
4/14/2008,179.63
4/15/2008,181.73
4/16/2008,188.85
4/17/2008,189.93
4/18/2008,189.58
4/21/2008,187.4
4/22/2008,186.6
4/23/2008,189.6
4/24/2008,193.82
4/25/2008,194.27
4/28/2008,193.82
4/29/2008,191.38
4/30/2008,188.31
5/1/2008,192.98
5/2/2008,192.85
5/5/2008,192.5
5/6/2008,193.79
5/7/2008,188.15
5/8/2008,187.76
5/9/2008,186.26
5/12/2008,190.83
5/13/2008,191.35
5/14/2008,192.68
5/15/2008,194.92
5/16/2008,193.52
5/19/2008,193.73
5/20/2008,190.91
5/21/2008,186.46
5/22/2008,185.32
5/23/2008,184.12
5/26/2008,
5/27/2008,186.99
5/28/2008,187.08
5/29/2008,189.27
5/30/2008,188.04
6/2/2008,184.68
6/3/2008,186.02
6/4/2008,187.2
6/5/2008,191.75
6/6/2008,183.26
6/9/2008,179.16
6/10/2008,180.29
6/11/2008,176.58
6/12/2008,178.15
6/13/2008,181.73
6/16/2008,184.12
6/17/2008,178.14
6/18/2008,175.41
6/19/2008,179.83
6/20/2008,175.14
6/23/2008,171.15
6/24/2008,171.92
6/25/2008,174.67
6/26/2008,167.86
6/27/2008,166.29
6/30/2008,166.32
7/1/2008,166.52
7/2/2008,163.34
7/3/2008,162.43
7/4/2008,
7/7/2008,158.92
7/8/2008,169.57
7/9/2008,157.62
7/10/2008,161.17
7/11/2008,160.79
7/14/2008,154.82
7/15/2008,153.73
7/16/2008,163.74
7/17/2008,166.95
7/18/2008,166.97
7/21/2008,168.06
7/22/2008,173.31
7/23/2008,177.52
7/24/2008,165.29
7/25/2008,169.07
7/28/2008,164.58
7/29/2008,174.14
7/30/2008,173.2
7/31/2008,170.62
8/1/2008,170.73
8/4/2008,168.09
8/5/2008,176.45
8/6/2008,175.26
8/7/2008,170.29
8/8/2008,177.54
8/11/2008,181.83
8/12/2008,176.76
8/13/2008,174.04
8/14/2008,177.07
8/15/2008,176.7
8/18/2008,172.97
8/19/2008,169.14
8/20/2008,169.41
8/21/2008,167.03
8/22/2008,172.87
8/25/2008,167.19
8/26/2008,169.09
8/27/2008,170.34
8/28/2008,175.83
8/29/2008,174.05
9/1/2008,
9/2/2008,175.67
9/3/2008,178.56
9/4/2008,173.2
9/5/2008,173.61
9/8/2008,181.52
9/9/2008,174.06
9/10/2008,174.87
9/11/2008,176.12
9/12/2008,178.27
9/15/2008,161.98
9/16/2008,172.33
9/17/2008,162.62
9/18/2008,180.66
9/19/2008,184.81
9/22/2008,167.61
9/23/2008,168.72
9/24/2008,166.12
9/25/2008,169.41
9/26/2008,174.44
9/29/2008,161.2
9/30/2008,171.71
10/1/2008,167.56
10/2/2008,156.47
10/3/2008,148.64
10/6/2008,143.06
10/7/2008,131.76
10/8/2008,130.93
10/9/2008,117.22
10/10/2008,133.68
10/13/2008,139.39
10/14/2008,129.74
10/15/2008,112.86
10/16/2008,118.1
10/17/2008,117.99
10/20/2008,118.47
10/21/2008,114.06
10/22/2008,105.2
10/23/2008,104.01
10/24/2008,97.04
10/27/2008,91.36
10/28/2008,107.28
10/29/2008,103.76
10/30/2008,108.09
10/31/2008,115.25
11/3/2008,110.77
11/4/2008,117.63
11/5/2008,105.28
11/6/2008,99.98
11/7/2008,106.25
11/10/2008,96.28
11/11/2008,94.54
11/12/2008,87.28
11/13/2008,97.16
11/14/2008,86.25
11/17/2008,82.93
11/18/2008,81.88
11/19/2008,70.8
11/20/2008,64.96
11/21/2008,69.32
11/24/2008,82.55
11/25/2008,83.9
11/26/2008,88.01
11/27/2008,
11/28/2008,86.18
12/1/2008,69.11
12/2/2008,78.58
12/3/2008,82.92
12/4/2008,80.45
12/5/2008,89.23
12/8/2008,98.39
12/9/2008,89.68
12/10/2008,96.98
12/11/2008,81.91
12/12/2008,91.04
12/15/2008,87.32
12/16/2008,100.02
12/17/2008,101.48
12/18/2008,92.9
12/19/2008,98.49
12/22/2008,95.25
12/23/2008,95
12/24/2008,95.76
12/25/2008,
12/26/2008,96.83
12/29/2008,91.2
12/30/2008,95.43
12/31/2008,100.24
1/1/2009,
1/2/2009,97.01
1/5/2009,94.74
1/6/2009,100.29
1/7/2009,96.21
1/8/2009,95.42
1/9/2009,90.67
1/12/2009,84.76
1/13/2009,87.43
1/14/2009,82.72
1/15/2009,85.24
1/16/2009,89
1/19/2009,
1/20/2009,78.36
1/21/2009,86.9
1/22/2009,82.43
1/23/2009,84.86
1/26/2009,84.45
1/27/2009,85.62
1/28/2009,93.19
1/29/2009,85.2
1/30/2009,81.87
2/2/2009,83.26
2/3/2009,82.24
2/4/2009,80.6
2/5/2009,78.72
2/6/2009,84.56
2/9/2009,85.53
2/10/2009,77.39
2/11/2009,78.77
2/12/2009,77.26
2/13/2009,72.44
2/16/2009,
2/17/2009,66.99
2/18/2009,68.08
2/19/2009,64.84
2/20/2009,69.16
2/23/2009,63.61
2/24/2009,69.53
2/25/2009,67.99
2/26/2009,64.46
2/27/2009,63.57
3/2/2009,58.62
3/3/2009,59.36
3/4/2009,60.9
3/5/2009,56.62
3/6/2009,55.96
3/9/2009,57.4
3/10/2009,66.11
3/11/2009,64.81
3/12/2009,70.06
3/13/2009,68.19
3/16/2009,62.51
3/17/2009,67.71
3/18/2009,71.09
3/19/2009,66.71
3/20/2009,60.7
3/23/2009,71.22
3/24/2009,65.07
3/25/2009,66.11
3/26/2009,68.23
3/27/2009,64.42
3/30/2009,60.12
3/31/2009,64.98
4/1/2009,64.24
4/2/2009,69.14
4/3/2009,75.64
4/6/2009,74.82
4/7/2009,68.06
4/8/2009,69.68
4/9/2009,79.4
4/10/2009,
4/13/2009,80.03
4/14/2009,73.05
4/15/2009,79.65
4/16/2009,82.91
4/17/2009,84.18
4/20/2009,74.51
4/21/2009,82
4/22/2009,78.55
4/23/2009,82.35
4/24/2009,87.09
4/27/2009,80.94
4/28/2009,82.14
4/29/2009,85.9
4/30/2009,86.12
5/1/2009,82.23
5/4/2009,89.6
5/5/2009,86.24
5/6/2009,89.71
5/7/2009,83.72
5/8/2009,90.73
5/11/2009,86.53
5/12/2009,85.6
5/13/2009,79.45
5/14/2009,82.53
5/15/2009,79.12
5/18/2009,86.19
5/19/2009,84.22
5/20/2009,83.43
5/21/2009,83.52
5/22/2009,81.64
5/25/2009,
5/26/2009,86.94
5/27/2009,83.43
5/28/2009,85.51
5/29/2009,87.73
6/1/2009,91.26
6/2/2009,89.59
6/3/2009,89.65
6/4/2009,92.7
6/5/2009,91.53
6/8/2009,91.3
6/9/2009,90.93
6/10/2009,88.89
6/11/2009,87.12
6/12/2009,89.91
6/15/2009,85.08
6/16/2009,84.15
6/17/2009,82.39
6/18/2009,83.11
6/19/2009,84.07
6/22/2009,79.13
6/23/2009,79.93
6/24/2009,81.58
6/25/2009,82.75
6/26/2009,83.78
6/29/2009,83.74
6/30/2009,84.48
7/1/2009,85.44
7/2/2009,80.28
7/3/2009,
7/6/2009,83.1
7/7/2009,79.43
7/8/2009,78.48
7/9/2009,77.27
7/10/2009,77.11
7/13/2009,80.57
7/14/2009,81.42
7/15/2009,84.48
7/16/2009,85.16
7/17/2009,82.7
7/20/2009,86.01
7/21/2009,85.33
7/22/2009,85.69
7/23/2009,89.18
7/24/2009,89.77
7/27/2009,91.18
7/28/2009,91.03
7/29/2009,89.81
7/30/2009,93.23
7/31/2009,93.25
8/3/2009,94.79
8/4/2009,100.02
8/5/2009,104.12
8/6/2009,103.47
8/7/2009,109.14
8/10/2009,106.57
8/11/2009,103.24
8/12/2009,104.3
8/13/2009,104.49
8/14/2009,103.63
8/17/2009,97.75
8/18/2009,99.33
8/19/2009,98.39
8/20/2009,102.49
8/21/2009,105.23
8/24/2009,104.66
8/25/2009,105.93
8/26/2009,106.46
8/27/2009,107.54
8/28/2009,108.37
8/31/2009,106.71
9/1/2009,100.93
9/2/2009,98.91
9/3/2009,100.81
9/4/2009,102.01
9/7/2009,
9/8/2009,105.75
9/9/2009,108.05
9/10/2009,109.6
9/11/2009,109.33
9/14/2009,112.61
9/15/2009,114.57
9/16/2009,119.23
9/17/2009,118.68
9/18/2009,119.03
9/21/2009,116.78
9/22/2009,120.8
9/23/2009,116.04
9/24/2009,111.85
9/25/2009,112.07
9/28/2009,116.98
9/29/2009,114.85
9/30/2009,114.02
10/1/2009,108.74
10/2/2009,107.66
10/5/2009,110.72
10/6/2009,110.83
10/7/2009,110.69
10/8/2009,112.81
10/9/2009,113.8
10/12/2009,113.56
10/13/2009,111.86
10/14/2009,116.18
10/15/2009,115.28
10/16/2009,112.18
10/19/2009,114.45
10/20/2009,112.01
10/21/2009,110.74
10/22/2009,113.67
10/23/2009,112.16
10/26/2009,111.9
10/27/2009,110.04
10/28/2009,105.43
10/29/2009,110.49
10/30/2009,108.3
11/2/2009,108.58
11/3/2009,110.27
11/4/2009,107.7
11/5/2009,109.95
11/6/2009,108.05
11/9/2009,113.48
11/10/2009,112.58
11/11/2009,114.93
11/12/2009,113.27
11/13/2009,114.97
11/16/2009,117.7
11/17/2009,115.62
11/18/2009,117.96
11/19/2009,115.01
11/20/2009,114.33
11/23/2009,115.73
11/24/2009,113.92
11/25/2009,114.33
11/26/2009,
11/27/2009,110.83
11/30/2009,115.35
12/1/2009,116.85
12/2/2009,118.75
12/3/2009,117.45
12/4/2009,120.96
12/7/2009,118.34
12/8/2009,117.72
12/9/2009,117.41
12/10/2009,117.08
12/11/2009,118.76
12/14/2009,121.07
12/15/2009,119.71
12/16/2009,120.56
12/17/2009,119.8
12/18/2009,120.59
12/21/2009,122.24
12/22/2009,123.48
12/23/2009,124.99
12/24/2009,126.72
12/25/2009,
12/28/2009,127.11
12/29/2009,125.15
12/30/2009,125.15
12/31/2009,122.74
1/1/2010,
1/4/2010,122.04
1/5/2010,122.26
1/6/2010,121.99
1/7/2010,123.4
1/8/2010,122.22
1/11/2010,123
1/12/2010,120.84
1/13/2010,123.45
1/14/2010,123.1
1/15/2010,122.16
1/18/2010,
1/19/2010,124.97
1/20/2010,123.27
1/21/2010,119.52
1/22/2010,116.62
1/25/2010,117.45
1/26/2010,116.44
1/27/2010,117.44
1/28/2010,116.37
1/29/2010,115.76
2/1/2010,117.91
2/2/2010,119.69
2/3/2010,117.6
2/4/2010,113.16
2/5/2010,115.55
2/8/2010,112.75
2/9/2010,112.48
2/10/2010,112.56
2/11/2010,113.54
2/12/2010,114.53
2/15/2010,
2/16/2010,117.91
2/17/2010,118.95
2/18/2010,120.48
2/19/2010,120.79
2/22/2010,121.26
2/23/2010,120.22
2/24/2010,121.51
2/25/2010,122
2/26/2010,122.06
3/1/2010,123.05
3/2/2010,123.26
3/3/2010,122.89
3/4/2010,123.55
3/5/2010,126.91
3/8/2010,128.37
3/9/2010,129.04
3/10/2010,129.7
3/11/2010,130.26
3/12/2010,131.38
3/15/2010,130.95
3/16/2010,134.15
3/17/2010,135.97
3/18/2010,135.41
3/19/2010,134.07
3/22/2010,135.62
3/23/2010,135.1
3/24/2010,135.78
3/25/2010,136.4
3/26/2010,135.66
3/29/2010,135.75
3/30/2010,135.49
3/31/2010,134.03
4/1/2010,134.51
4/2/2010,
4/5/2010,137.86
4/6/2010,140.76
4/7/2010,137.47
4/8/2010,137.45
4/9/2010,139.89
4/12/2010,138.71
4/13/2010,142.14
4/14/2010,142.22
4/15/2010,138.38
4/16/2010,135.02
4/19/2010,135.7
4/20/2010,137.94
4/21/2010,140.5
4/22/2010,142.71
4/23/2010,144.47
4/26/2010,145.69
4/27/2010,141.02
4/28/2010,141.38
4/29/2010,147.77
4/30/2010,143.02
5/3/2010,148.1
5/4/2010,144.71
5/5/2010,142.46
5/6/2010,136.96
5/7/2010,134.2
5/10/2010,143.47
5/11/2010,143.79
5/12/2010,146.17
5/13/2010,144.07
5/14/2010,139.21
5/17/2010,139.37
5/18/2010,135.4
5/19/2010,133.96
5/20/2010,127.35
5/21/2010,131.82
5/24/2010,128.75
5/25/2010,129.79
5/26/2010,129.49
5/27/2010,136.77
5/28/2010,134.85
5/31/2010,
6/1/2010,132.28
6/2/2010,134.99
6/3/2010,134.46
6/4/2010,126.72
6/7/2010,125.98
6/8/2010,128.23
6/9/2010,129.1
6/10/2010,134.84
6/11/2010,136.21
6/14/2010,137.77
6/15/2010,141.03
6/16/2010,139.74
6/17/2010,139.85
6/18/2010,139.35
6/21/2010,138.48
6/22/2010,133.99
6/23/2010,134.59
6/24/2010,131.34
6/25/2010,134.99
6/28/2010,133.05
6/29/2010,128.33
6/30/2010,127.01
7/1/2010,126.72
7/2/2010,123.94
7/5/2010,
7/6/2010,121.31
7/7/2010,127.48
7/8/2010,128.9
7/9/2010,130.87
7/12/2010,131.01
7/13/2010,134.31
7/14/2010,133.53
7/15/2010,133.11
7/16/2010,128.47
7/19/2010,130.41
7/20/2010,132.97
7/21/2010,129.87
7/22/2010,135.08
7/23/2010,136.56
7/26/2010,140.21
7/27/2010,139.96
7/28/2010,139.67
7/29/2010,138.53
7/30/2010,139.26
8/2/2010,144.04
8/3/2010,142.49
8/4/2010,143.37
8/5/2010,141.54
8/6/2010,140.94
8/9/2010,142.78
8/10/2010,140.98
8/11/2010,137.23
8/12/2010,135.49
8/13/2010,135.15
8/16/2010,135.32
8/17/2010,138.67
8/18/2010,138.68
8/19/2010,134.97
8/20/2010,134.51
8/23/2010,133.87
8/24/2010,133.09
8/25/2010,135.57
8/26/2010,134.64
8/27/2010,136.99
8/30/2010,135.5
8/31/2010,136.79
9/1/2010,141.35
9/2/2010,143.3
9/3/2010,145.23
9/6/2010,
9/7/2010,142.81
9/8/2010,143.17
9/9/2010,141.81
9/10/2010,142.59
9/13/2010,144.79
9/14/2010,144.38
9/15/2010,145.61
9/16/2010,144.59
9/17/2010,145.02
9/20/2010,148.69
9/21/2010,146.07
9/22/2010,144.33
9/23/2010,140.43
9/24/2010,144.81
9/27/2010,142.96
9/28/2010,143.53
9/29/2010,142.22
9/30/2010,142.57
10/1/2010,143.39
10/4/2010,144.54
10/5/2010,147.08
10/6/2010,146.2
10/7/2010,146.41
10/8/2010,146.85
10/11/2010,146.87
10/12/2010,147.98
10/13/2010,149.5
10/14/2010,149.03
10/15/2010,148.85
10/18/2010,150.95
10/19/2010,148.9
10/20/2010,152.41
10/21/2010,151.97
10/22/2010,151.96
10/25/2010,152.43
10/26/2010,151.22
10/27/2010,149.9
10/28/2010,149.1
10/29/2010,149.28
11/1/2010,150.67
11/2/2010,151.76
11/3/2010,151.52
11/4/2010,155.25
11/5/2010,156.83
11/8/2010,155.8
11/9/2010,149.52
11/10/2010,151.49
11/11/2010,150.23
11/12/2010,148.54
11/15/2010,147.26
11/16/2010,142.13
11/17/2010,143.43
11/18/2010,144.67
11/19/2010,145.65
11/22/2010,145.9
11/23/2010,144.59
11/24/2010,147.8
11/25/2010,
11/26/2010,147.22
11/29/2010,147.29
11/30/2010,146.34
12/1/2010,147.74
12/2/2010,149.85
12/3/2010,149.98
12/6/2010,150.13
12/7/2010,150.61
12/8/2010,148.19
12/9/2010,146.74
12/10/2010,148.21
12/13/2010,148.23
12/14/2010,146.49
12/15/2010,144.85
12/16/2010,145.22
12/17/2010,146.38
12/20/2010,148.36
12/21/2010,149.97
12/22/2010,150.94
12/23/2010,150.24
12/24/2010,
12/27/2010,152.14
12/28/2010,152.48
12/29/2010,152.96
12/30/2010,153.18
12/31/2010,152.74
1/3/2011,155.7
1/4/2011,152.61
1/5/2011,153.49
1/6/2011,151.91
1/7/2011,151.85
1/10/2011,151.84
1/11/2011,151.55
1/12/2011,152.43
1/13/2011,152.73
1/14/2011,153.93
1/17/2011,
1/18/2011,155.13
1/19/2011,152.89
1/20/2011,153.03
1/21/2011,153.42
1/24/2011,154.13
1/25/2011,155.89
1/26/2011,156.14
1/27/2011,158.52
1/28/2011,155.52
1/31/2011,157.81
2/1/2011,158.55
2/2/2011,158.22
2/3/2011,158.84
2/4/2011,157.21
2/7/2011,159.12
2/8/2011,159.56
2/9/2011,159.69
2/10/2011,160.07
2/11/2011,161.21
2/14/2011,161.13
2/15/2011,160.37
2/16/2011,161.01
2/17/2011,161.11
2/18/2011,161.66
2/21/2011,
2/22/2011,160.04
2/23/2011,158.62
2/24/2011,157.62
2/25/2011,160.84
2/28/2011,164.43
3/1/2011,159.74
3/2/2011,158.07
3/3/2011,160.62
3/4/2011,158.93
3/7/2011,157.71
3/8/2011,160.15
3/9/2011,159.87
3/10/2011,157.36
3/11/2011,158.92
3/14/2011,157.27
3/15/2011,156.35
3/16/2011,153.89
3/17/2011,155.24
3/18/2011,156.63
3/21/2011,158.5
3/22/2011,157.37
3/23/2011,155.58
3/24/2011,156.44
3/25/2011,157.73
3/28/2011,157.34
3/29/2011,158.1
3/30/2011,160.22
3/31/2011,161.53
4/1/2011,161.66
4/4/2011,161.54
4/5/2011,161.62
4/6/2011,161.7
4/7/2011,159.81
4/8/2011,158.65
4/11/2011,158.79
4/12/2011,158.45
4/13/2011,158.26
4/14/2011,160.69
4/15/2011,162.75
4/18/2011,161.05
4/19/2011,162.6
4/20/2011,164.47
4/21/2011,165.62
4/22/2011,
4/25/2011,166.79
4/26/2011,168.31
4/27/2011,169.36
4/28/2011,171.53
4/29/2011,170.75
5/2/2011,170.94
5/3/2011,169.45
5/4/2011,168.54
5/5/2011,168.25
5/6/2011,166.73
5/9/2011,167.7
5/10/2011,170.47
5/11/2011,168.35
5/12/2011,168.55
5/13/2011,166.66
5/16/2011,167.13
5/17/2011,167.07
5/18/2011,168.66
5/19/2011,169.24
5/20/2011,167.19
5/23/2011,165.37
5/24/2011,166.03
5/25/2011,166.9
5/26/2011,169.15
5/27/2011,170.03
5/30/2011,
5/31/2011,172.75
6/1/2011,167.65
6/2/2011,166.49
6/3/2011,167.11
6/6/2011,164.74
6/7/2011,166.56
6/8/2011,165.86
6/9/2011,164.13
6/10/2011,160.05
6/13/2011,160.64
6/14/2011,163.05
6/15/2011,160.21
6/16/2011,161.42
6/17/2011,162.95
6/20/2011,165
6/21/2011,166.25
6/22/2011,165.64
6/23/2011,162.21
6/24/2011,162.21
6/27/2011,163.13
6/28/2011,164.26
6/29/2011,165.96
6/30/2011,166.37
7/1/2011,169.42
7/4/2011,
7/5/2011,170.67
7/6/2011,171.86
7/7/2011,173.89
7/8/2011,173.4
7/11/2011,170.27
7/12/2011,170.99
7/13/2011,169.2
7/14/2011,167.57
7/15/2011,169.57
7/18/2011,168.22
7/19/2011,171.16
7/20/2011,172.44
7/21/2011,173.94
7/22/2011,174.81
7/25/2011,173.01
7/26/2011,173.37
7/27/2011,168.44
7/28/2011,168.73
7/29/2011,168.84
8/1/2011,166.3
8/2/2011,160.86
8/3/2011,159.78
8/4/2011,151.53
8/5/2011,147.78
8/8/2011,134.35
8/9/2011,147.56
8/10/2011,143.64
8/11/2011,151.45
8/12/2011,151.03
8/15/2011,156.59
8/16/2011,155.88
8/17/2011,156.3
8/18/2011,148.95
8/19/2011,146.09
8/22/2011,146.4
8/23/2011,150.17
8/24/2011,152.13
8/25/2011,149.04
8/26/2011,151.2
8/29/2011,156.22
8/30/2011,156.73
8/31/2011,158.37
9/1/2011,155.86
9/2/2011,151.95
9/5/2011,
9/6/2011,151.53
9/7/2011,157.55
9/8/2011,156
9/9/2011,150.86
9/12/2011,151.42
9/13/2011,151.9
9/14/2011,152.84
9/15/2011,155.34
9/16/2011,156.68
9/19/2011,153.17
9/20/2011,152.91
9/21/2011,144.88
9/22/2011,140.96
9/23/2011,142.45
9/26/2011,144.41
9/27/2011,145.98
9/28/2011,141.62
9/29/2011,144.23
9/30/2011,140.01
10/3/2011,133.21
10/4/2011,138.89
10/5/2011,137.64
10/6/2011,141.49
10/7/2011,137.21
10/10/2011,144.31
10/11/2011,141.4
10/12/2011,144.06
10/13/2011,142.81
10/14/2011,146.48
10/17/2011,142.69
10/18/2011,148.12
10/19/2011,146.19
10/20/2011,147.15
10/21/2011,152.09
10/24/2011,155.89
10/25/2011,153.04
10/26/2011,154.63
10/27/2011,162.12
10/28/2011,162.14
10/31/2011,160.54
11/1/2011,154.61
11/2/2011,158.34
11/3/2011,160.22
11/4/2011,158.77
11/7/2011,159.08
11/8/2011,160.96
11/9/2011,153.31
11/10/2011,153.59
11/11/2011,157.71
11/14/2011,154.13
11/15/2011,155.81
11/16/2011,153.7
11/17/2011,150.87
11/18/2011,152.21
11/21/2011,148.01
11/22/2011,147.2
11/23/2011,142.85
11/24/2011,
11/25/2011,143.46
11/28/2011,146.79
11/29/2011,146.38
11/30/2011,153.52
12/1/2011,151.68
12/2/2011,152.18
12/5/2011,153.37
12/6/2011,153.26
12/7/2011,155.02
12/8/2011,151.3
12/9/2011,154.56
12/12/2011,151.54
12/13/2011,149.95
12/14/2011,150.71
12/15/2011,152.9
12/16/2011,154.58
12/19/2011,153.04
12/20/2011,158.01
12/21/2011,158.08
12/22/2011,160.26
12/23/2011,160.99
12/26/2011,
12/27/2011,161.68
12/28/2011,159.24
12/29/2011,160.67
12/30/2011,159.98
1/2/2012,
1/3/2012,161.28
1/4/2012,158.43
1/5/2012,160.13
1/6/2012,159.33
1/9/2012,158.85
1/10/2012,160.87
1/11/2012,161.81
1/12/2012,160.62
1/13/2012,160.98
1/16/2012,
1/17/2012,162.34
1/18/2012,163.5
1/19/2012,164.22
1/20/2012,165.55
1/23/2012,166.18
1/24/2012,167.34
1/25/2012,169.46
1/26/2012,170.53
1/27/2012,170.83
1/30/2012,169.19
1/31/2012,170.24
2/1/2012,171.95
2/2/2012,172.18
2/3/2012,174.75
2/6/2012,174.09
2/7/2012,173.82
2/8/2012,174.03
2/9/2012,172.56
2/10/2012,170.96
2/13/2012,172.99
2/14/2012,170.71
2/15/2012,170.04
2/16/2012,171.85
2/17/2012,171.78
2/20/2012,
2/21/2012,169.15
2/22/2012,167.52
2/23/2012,169.83
2/24/2012,169.9
2/27/2012,169.76
2/28/2012,168.45
2/29/2012,168.04
3/1/2012,169.04
3/2/2012,168.81
3/5/2012,170.34
3/6/2012,167.96
3/7/2012,168.91
3/8/2012,168.09
3/9/2012,168.85
3/12/2012,169.71
3/13/2012,173.43
3/14/2012,172.73
3/15/2012,172.68
3/16/2012,173.65
3/19/2012,175.05
3/20/2012,174.68
3/21/2012,174.22
3/22/2012,171.83
3/23/2012,172.98
3/26/2012,174.8
3/27/2012,174.88
3/28/2012,174.24
3/29/2012,174.29
3/30/2012,176.01
4/2/2012,177.08
4/3/2012,176.32
4/4/2012,174.36
4/5/2012,173.77
4/6/2012,
4/9/2012,171.91
4/10/2012,168.16
4/11/2012,170.33
4/12/2012,172.67
4/13/2012,171.69
4/16/2012,174.42
4/17/2012,175.93
4/18/2012,174.65
4/19/2012,174.66
4/20/2012,176.92
4/23/2012,174.87
4/24/2012,177.59
4/25/2012,179.55
4/26/2012,179.99
4/27/2012,181.2
4/30/2012,180.91
5/1/2012,182.88
5/2/2012,182.75
5/3/2012,181.67
5/4/2012,180.03
5/7/2012,181.26
5/8/2012,180.93
5/9/2012,180.29
5/10/2012,180.34
5/11/2012,180.75
5/14/2012,178.34
5/15/2012,177.39
5/16/2012,175.15
5/17/2012,170.11
5/18/2012,167.96
5/21/2012,171.7
5/22/2012,172.03
5/23/2012,172.46
5/24/2012,173.09
5/25/2012,172.31
5/28/2012,
5/29/2012,174.92
5/30/2012,170.63
5/31/2012,171.89
6/1/2012,167.45
6/4/2012,166.51
6/5/2012,169.69
6/6/2012,173.48
6/7/2012,172.29
6/8/2012,174.7
6/11/2012,170.63
6/12/2012,172.38
6/13/2012,171.32
6/14/2012,173.97
6/15/2012,175.02
6/18/2012,176.25
6/19/2012,177.04
6/20/2012,176.94
6/21/2012,173.99
6/22/2012,173.82
6/25/2012,172.98
6/26/2012,173.74
6/27/2012,174.16
6/28/2012,175.86
6/29/2012,180.68
7/2/2012,182.38
7/3/2012,183.4
7/4/2012,
7/5/2012,182.35
7/6/2012,182.76
7/9/2012,182.95
7/10/2012,180.73
7/11/2012,181.01
7/12/2012,181.44
7/13/2012,183.74
7/16/2012,184.07
7/17/2012,185.9
7/18/2012,184.62
7/19/2012,182.71
7/20/2012,181.63
7/23/2012,180.4
7/24/2012,179.74
7/25/2012,179.7
7/26/2012,181.24
7/27/2012,183.2
7/30/2012,183.75
7/31/2012,183.7
8/1/2012,183.1
8/2/2012,183.19
8/3/2012,184.76
8/6/2012,184.41
8/7/2012,182.33
8/8/2012,180.77
8/9/2012,180.18
8/10/2012,180.43
8/13/2012,180.18
8/14/2012,179.88
8/15/2012,180.66
8/16/2012,181.77
8/17/2012,182.08
8/20/2012,181.44
8/21/2012,181.66
8/22/2012,181.64
8/23/2012,180.97
8/24/2012,181.83
8/27/2012,182.3
8/28/2012,182.86
8/29/2012,182.83
8/30/2012,182.43
8/31/2012,182.91
9/3/2012,
9/4/2012,184.26
9/5/2012,183.84
9/6/2012,185.44
9/7/2012,185.56
9/10/2012,183.91
9/11/2012,184.58
9/12/2012,184.88
9/13/2012,187.32
9/14/2012,188.36
9/17/2012,187.76
9/18/2012,185.89
9/19/2012,184.85
9/20/2012,181.91
9/21/2012,181.86
9/24/2012,181.41
9/25/2012,178.67
9/26/2012,178.35
9/27/2012,179.28
9/28/2012,178.97
10/1/2012,177.58
10/2/2012,178.78
10/3/2012,179.29
10/4/2012,178.87
10/5/2012,179.22
10/8/2012,178.75
10/9/2012,178.17
10/10/2012,178.95
10/11/2012,178.81
10/12/2012,177.97
10/15/2012,179.3
10/16/2012,180.26
10/17/2012,179.76
10/18/2012,181.53
10/19/2012,180.16
10/22/2012,179.15
10/23/2012,177.45
10/24/2012,177.41
10/25/2012,176.63
10/26/2012,175.27
10/29/2012,
10/30/2012,
10/31/2012,176.98
11/1/2012,177.57
11/2/2012,178.85
11/5/2012,177.71
11/6/2012,178.48
11/7/2012,177.56
11/8/2012,175.4
11/9/2012,174.89
11/12/2012,174.53
11/13/2012,174.42
11/14/2012,170.86
11/15/2012,170.01
11/16/2012,171.1
11/19/2012,173.41
11/20/2012,174.35
11/21/2012,174.09
11/22/2012,
11/23/2012,175.64
11/26/2012,175.89
11/27/2012,174.95
11/28/2012,174.57
11/29/2012,175.39
11/30/2012,175.78
12/3/2012,176.62
12/4/2012,176.91
12/5/2012,176.25
12/6/2012,177.85
12/7/2012,178.49
12/10/2012,178.45
12/11/2012,178.83
12/12/2012,178.33
12/13/2012,176.75
12/14/2012,176.73
12/17/2012,177.83
12/18/2012,179.5
12/19/2012,179.19
12/20/2012,181.72
12/21/2012,181.01
12/24/2012,181.43
12/25/2012,
12/26/2012,180.31
12/27/2012,180.84
12/28/2012,179.41
12/31/2012,181.43
1/1/2013,
1/2/2013,183.59
1/3/2013,183.65
1/4/2013,184.43
1/7/2013,184.89
1/8/2013,184.4
1/9/2013,184.99
1/10/2013,185.09
1/11/2013,184.98
1/14/2013,185.33
1/15/2013,186.4
1/16/2013,186
1/17/2013,186.44
1/18/2013,187.2
1/21/2013,
1/22/2013,188.33
1/23/2013,188.29
1/24/2013,188.6
1/25/2013,189.9
1/28/2013,190.14
1/29/2013,190.47
1/30/2013,188.77
1/31/2013,187.42
2/1/2013,188.6
2/4/2013,188.12
2/5/2013,187.71
2/6/2013,188.21
2/7/2013,187.43
2/8/2013,189.12
2/11/2013,189.45
2/12/2013,190.62
2/13/2013,190.44
2/14/2013,189.66
2/15/2013,189.73
2/18/2013,
2/19/2013,191.1
2/20/2013,189.9
2/21/2013,188.27
2/22/2013,190.15
2/25/2013,186.51
2/26/2013,187.74
2/27/2013,189.02
2/28/2013,188.76
3/1/2013,189.64
3/4/2013,190.93
3/5/2013,192.43
3/6/2013,191.87
3/7/2013,190.84
3/8/2013,191.07
3/11/2013,191.33
3/12/2013,190.53
3/13/2013,190.61
3/14/2013,191.89
3/15/2013,192.15
3/18/2013,191.13
3/19/2013,189.99
3/20/2013,190.72
3/21/2013,189.89
3/22/2013,190.99
3/25/2013,191.18
3/26/2013,192.5
3/27/2013,192.52
3/28/2013,193.27
3/29/2013,
4/1/2013,193.66
4/2/2013,194.36
4/3/2013,193.78
4/4/2013,196.85
4/5/2013,197.48
4/8/2013,199.65
4/9/2013,199.48
4/10/2013,200.62
4/11/2013,201.98
4/12/2013,202.42
4/15/2013,198.2
4/16/2013,201.55
4/17/2013,199.16
4/18/2013,198.81
4/19/2013,201.76
4/22/2013,201.29
4/23/2013,202.44
4/24/2013,203
4/25/2013,202.16
4/26/2013,201.63
4/29/2013,203.26
4/30/2013,205.64
5/1/2013,203.99
5/2/2013,205.21
5/3/2013,205.77
5/6/2013,206.86
5/7/2013,207.96
5/8/2013,207.91
5/9/2013,206.34
5/10/2013,207.3
5/13/2013,208.24
5/14/2013,208.92
5/15/2013,210.52
5/16/2013,209.43
5/17/2013,210.58
5/20/2013,211.08
5/21/2013,212.5
5/22/2013,207.19
5/23/2013,203.84
5/24/2013,203.42
5/27/2013,
5/28/2013,201.6
5/29/2013,197.48
5/30/2013,195.61
5/31/2013,193.08
6/3/2013,194.29
6/4/2013,191.77
6/5/2013,189.93
6/6/2013,192.96
6/7/2013,192.78
6/10/2013,191.23
6/11/2013,188.21
6/12/2013,185.56
6/13/2013,190.56
6/14/2013,191.29
6/17/2013,191.88
6/18/2013,192.63
6/19/2013,186.67
6/20/2013,178.96
6/21/2013,181.64
6/24/2013,180.68
6/25/2013,183.92
6/26/2013,186.11
6/27/2013,189.96
6/28/2013,188.96
7/1/2013,188.35
7/2/2013,191.3
7/3/2013,189.46
7/4/2013,
7/5/2013,189.25
7/8/2013,189.45
7/9/2013,192.12
7/10/2013,191.87
7/11/2013,196.75
7/12/2013,195.63
7/15/2013,196.21
7/16/2013,196.27
7/17/2013,197.14
7/18/2013,198.94
7/19/2013,198.49
7/22/2013,199.33
7/23/2013,199.1
7/24/2013,194.96
7/25/2013,195.41
7/26/2013,195.47
7/29/2013,193.88
7/30/2013,193.27
7/31/2013,190.3
8/1/2013,189.61
8/2/2013,188.62
8/5/2013,188.39
8/6/2013,187.75
8/7/2013,187.19
8/8/2013,187.04
8/9/2013,188.75
8/12/2013,187.34
8/13/2013,184.71
8/14/2013,184.02
8/15/2013,180.41
8/16/2013,175.88
8/19/2013,173.74
8/20/2013,177.56
8/21/2013,177.28
8/22/2013,178.38
8/23/2013,180.31
8/26/2013,179.75
8/27/2013,179
8/28/2013,178.03
8/29/2013,178.1
8/30/2013,176.88
9/2/2013,
9/3/2013,175.36
9/4/2013,176.72
9/5/2013,174.79
9/6/2013,177.68
9/9/2013,181.4
9/10/2013,181.44
9/11/2013,182.55
9/12/2013,181.1
9/13/2013,181.7
9/16/2013,183.72
9/17/2013,183.51
9/18/2013,189.85
9/19/2013,189.44
9/20/2013,186.04
9/23/2013,185.09
9/24/2013,183.43
9/25/2013,183.9
9/26/2013,184.71
9/27/2013,183.79
9/30/2013,182.03
10/1/2013,184.66
10/2/2013,184.85
10/3/2013,181.48
10/4/2013,181.47
10/7/2013,182.17
10/8/2013,180.34
10/9/2013,180.32
10/10/2013,184.9
10/11/2013,186.93
10/14/2013,186.76
10/15/2013,186.07
10/16/2013,189.54
10/17/2013,192.45
10/18/2013,192.03
10/21/2013,190.9
10/22/2013,192.93
10/23/2013,192.72
10/24/2013,192.78
10/25/2013,194.84
10/28/2013,193.19
10/29/2013,191.85
10/30/2013,190.32
10/31/2013,189.03
11/1/2013,190.2
11/4/2013,190.75
11/5/2013,187.46
11/6/2013,187.33
11/7/2013,184.49
11/8/2013,182.43
11/11/2013,182.57
11/12/2013,181.41
11/13/2013,182.44
11/14/2013,183.8
11/15/2013,184.42
11/18/2013,183.32
11/19/2013,181.88
11/20/2013,180
11/21/2013,181.41
11/22/2013,180.63
11/25/2013,179.62
11/26/2013,178.92
11/27/2013,180.68
11/28/2013,
11/29/2013,178.8
12/2/2013,177.66
12/3/2013,177.49
12/4/2013,178.49
12/5/2013,179.16
12/6/2013,180.72
12/9/2013,181.33
12/10/2013,181.02
12/11/2013,176.59
12/12/2013,175.28
12/13/2013,175.85
12/16/2013,176.31
12/17/2013,177.24
12/18/2013,180.28
12/19/2013,177.85
12/20/2013,179.28
12/23/2013,179.42
12/24/2013,179.59
12/25/2013,
12/26/2013,179.66
12/27/2013,179.43
12/30/2013,179.79
12/31/2013,178.86
1/1/2014,
1/2/2014,178.53
1/3/2014,179.87
1/6/2014,180.64
1/7/2014,181.13
1/8/2014,180.52
1/9/2014,180.47
1/10/2014,182.65
1/13/2014,181.35
1/14/2014,182.72
1/15/2014,183.69
1/16/2014,184.13
1/17/2014,183.21
1/20/2014,
1/21/2014,184.7
1/22/2014,185.27
1/23/2014,184.44
1/24/2014,182.14
1/27/2014,180.64
1/28/2014,182.27
1/29/2014,181.19
1/30/2014,184.11
1/31/2014,185.31
2/3/2014,182.15
2/4/2014,184.45
2/5/2014,184.1
2/6/2014,185.6
2/7/2014,187
2/10/2014,188.91
2/11/2014,189.78
2/12/2014,189.44
2/13/2014,190.3
2/14/2014,190.93
2/17/2014,
2/18/2014,191.76
2/19/2014,191.86
2/20/2014,191.34
2/21/2014,191.59
2/24/2014,192.04
2/25/2014,192.56
2/26/2014,192.98
2/27/2014,192.47
2/28/2014,194.09
3/3/2014,194.2
3/4/2014,197.18
3/5/2014,196.73
3/6/2014,195.29
3/7/2014,193.33
3/10/2014,192.16
3/11/2014,193.35
3/12/2014,193.65
3/13/2014,192.7
3/14/2014,193.2
3/17/2014,193.77
3/18/2014,194.49
3/19/2014,190.7
3/20/2014,191.19
3/21/2014,193.01
3/24/2014,191.77
3/25/2014,193.55
3/26/2014,191.18
3/27/2014,192.16
3/28/2014,193.45
3/31/2014,194.96
4/1/2014,195.83
4/2/2014,195.95
4/3/2014,195.55
4/4/2014,196.22
4/7/2014,196.96
4/8/2014,198.09
4/9/2014,197.66
4/10/2014,195.74
4/11/2014,194.33
4/14/2014,195.56
4/15/2014,197.86
4/16/2014,199.37
4/17/2014,198.55
4/18/2014,
4/21/2014,199.33
4/22/2014,199.67
4/23/2014,198.81
4/24/2014,199.8
4/25/2014,198.87
4/28/2014,200.73
4/29/2014,200.7
4/30/2014,201.57
5/1/2014,202.44
5/2/2014,202.43
5/5/2014,202.87
5/6/2014,202.07
5/7/2014,204.57
5/8/2014,204.79
5/9/2014,204.77
5/12/2014,205.59
5/13/2014,204.07
5/14/2014,204.09
5/15/2014,203.72
5/16/2014,205.68
5/19/2014,204.99
5/20/2014,204.34
5/21/2014,203.22
5/22/2014,202.78
5/23/2014,204.59
5/26/2014,
5/27/2014,206.06
5/28/2014,204.52
5/29/2014,205.01
5/30/2014,206.1
6/2/2014,206.73
6/3/2014,206.49
6/4/2014,206.83
6/5/2014,210.73
6/6/2014,209.86
6/9/2014,207.23
6/10/2014,205.69
6/11/2014,205.04
6/12/2014,204.37
6/13/2014,204.98
6/16/2014,203.95
6/17/2014,204.43
6/18/2014,205.99
6/19/2014,207.44
6/20/2014,207.91
6/23/2014,207.28
6/24/2014,207.16
6/25/2014,206.95
6/26/2014,206.22
6/27/2014,207.72
6/30/2014,207.23
7/1/2014,208.13
7/2/2014,207.61
7/3/2014,206.68
7/4/2014,
7/7/2014,207.12
7/8/2014,207.73
7/9/2014,207.98
7/10/2014,208.8
7/11/2014,208.75
7/14/2014,209.77
7/15/2014,210.01
7/16/2014,210.7
7/17/2014,209.5
7/18/2014,211.56
7/21/2014,210.69
7/22/2014,211.59
7/23/2014,211.86
7/24/2014,211.99
7/25/2014,210.29
7/28/2014,211.71
7/29/2014,210.57
7/30/2014,210.38
7/31/2014,207.11
8/1/2014,206.64
8/4/2014,207.92
8/5/2014,205.77
8/6/2014,205.62
8/7/2014,205.42
8/8/2014,206.63
8/11/2014,207.91
8/12/2014,207.49
8/13/2014,210.3
8/14/2014,210.16
8/15/2014,209.79
8/18/2014,212.01
8/19/2014,212.55
8/20/2014,213.37
8/21/2014,213.09
8/22/2014,211.38
8/25/2014,210.85
8/26/2014,211.22
8/27/2014,211.54
8/28/2014,211.23
8/29/2014,212.44
9/1/2014,
9/2/2014,212.59
9/3/2014,213.07
9/4/2014,212.3
9/5/2014,214.59
9/8/2014,214.32
9/9/2014,213.1
9/10/2014,209.64
9/11/2014,209.74
9/12/2014,203.1
9/15/2014,202.27
9/16/2014,204.23
9/17/2014,204.2
9/18/2014,202.45
9/19/2014,202.64
9/22/2014,201.1
9/23/2014,199.47
9/24/2014,199.01
9/25/2014,198.1
9/26/2014,200.34
9/29/2014,200.23
9/30/2014,199.14
10/1/2014,199.26
10/2/2014,199.04
10/3/2014,200.27
10/6/2014,200.73
10/7/2014,199.13
10/8/2014,203.6
10/9/2014,203.52
10/10/2014,203.69
10/13/2014,203.78
10/14/2014,207.21
10/15/2014,206.04
10/16/2014,206.45
10/17/2014,206.95
10/20/2014,210
10/21/2014,212.06
10/22/2014,212
10/23/2014,213.8
10/24/2014,213.59
10/27/2014,215.12
10/28/2014,216.14
10/29/2014,215.64
10/30/2014,216.95
10/31/2014,220.04
11/3/2014,222.12
11/4/2014,222.33
11/5/2014,221.86
11/6/2014,219.84
11/7/2014,219.38
11/10/2014,221.51
11/11/2014,220.46
11/12/2014,218.66
11/13/2014,219.98
11/14/2014,218.21
11/17/2014,219.08
11/18/2014,219.96
11/19/2014,218.18
11/20/2014,218.79
11/21/2014,220.35
11/24/2014,220.87
11/25/2014,221.14
11/26/2014,223.39
11/27/2014,
11/28/2014,223.97
12/1/2014,223.47
12/2/2014,224.77
12/3/2014,224.56
12/4/2014,225.13
12/5/2014,224.07
12/8/2014,225.53
12/9/2014,226.63
12/10/2014,226.47
12/11/2014,226.43
12/12/2014,224.41
12/15/2014,221.65
12/16/2014,221.32
12/17/2014,226.31
12/18/2014,227.89
12/19/2014,227.75
12/22/2014,231.51
12/23/2014,230.68
12/24/2014,229.59
12/25/2014,
12/26/2014,230.44
12/29/2014,231.23
12/30/2014,230.77
12/31/2014,227.05
1/1/2015,
1/2/2015,230.34
1/5/2015,231.55
1/6/2015,233.82
1/7/2015,237.42
1/8/2015,238.27
1/9/2015,238.48
1/12/2015,240.36
1/13/2015,239.95
1/14/2015,242.09
1/15/2015,242.64
1/16/2015,244.79
1/19/2015,
1/20/2015,242.8
1/21/2015,242.44
1/22/2015,246.84
1/23/2015,246.1
1/26/2015,248.14
1/27/2015,247.96
1/28/2015,246.33
1/29/2015,246.95
1/30/2015,241.64
2/2/2015,241.43
2/3/2015,243.43
2/4/2015,242.48
2/5/2015,245.3
2/6/2015,238.2
2/9/2015,236.69
2/10/2015,237.52
2/11/2015,236.71
2/12/2015,239.55
2/13/2015,237.67
2/16/2015,
2/17/2015,237.23
2/18/2015,239.33
2/19/2015,233.96
2/20/2015,236.39
2/23/2015,238.34
2/24/2015,233.42
2/25/2015,233.51
2/26/2015,231.05
2/27/2015,232.82
3/2/2015,234.11
3/3/2015,233.51
3/4/2015,231
3/5/2015,231.81
3/6/2015,224.31
3/9/2015,226.18
3/10/2015,225.92
3/11/2015,225.94
3/12/2015,229.82
3/13/2015,229.61
3/16/2015,232.29
3/17/2015,231.93
3/18/2015,236.68
3/19/2015,236.5
3/20/2015,242.37
3/23/2015,242.18
3/24/2015,239.98
3/25/2015,235.65
3/26/2015,234.31
3/27/2015,234.6
3/30/2015,238.01
3/31/2015,235.94
4/1/2015,235.15
4/2/2015,237.1
4/3/2015,
4/6/2015,239.53
4/7/2015,235.29
4/8/2015,235.75
4/9/2015,230.97
4/10/2015,230.9
4/13/2015,230.04
4/14/2015,230.97
4/15/2015,229.41
4/16/2015,230.14
4/17/2015,228.72
4/20/2015,229.33
4/21/2015,229.89
4/22/2015,230.39
4/23/2015,230.86
4/24/2015,231.31
4/27/2015,231.3
4/28/2015,230.72
4/29/2015,226.15
4/30/2015,222.79
5/1/2015,224.69
5/4/2015,225.09
5/5/2015,220.16
5/6/2015,219.66
5/7/2015,223.01
5/8/2015,226.19
5/11/2015,222.55
5/12/2015,223.07
5/13/2015,220.87
5/14/2015,225.13
5/15/2015,227.2
5/18/2015,226.53
5/19/2015,225.98
5/20/2015,225.74
5/21/2015,224.57
5/22/2015,224.51
5/25/2015,
5/26/2015,222.68
5/27/2015,225.01
5/28/2015,224.29
5/29/2015,221.94
6/1/2015,224.66
6/2/2015,222.66
6/3/2015,219.53
6/4/2015,219.03
6/5/2015,216.69
6/8/2015,216.17
6/9/2015,214.54
6/10/2015,216.27
6/11/2015,217.46
6/12/2015,217.05
6/15/2015,215.89
6/16/2015,217.72
6/17/2015,219.4
6/18/2015,222.55
6/19/2015,220.66
6/22/2015,218.51
6/23/2015,216.78
6/24/2015,215.51
6/25/2015,213.46
6/26/2015,214.54
6/29/2015,210.93
6/30/2015,211.37
7/1/2015,214.74
7/2/2015,215.39
7/3/2015,
7/6/2015,216.54
7/7/2015,219.98
7/8/2015,219.04
7/9/2015,218.33
7/10/2015,219.99
7/13/2015,220.3
7/14/2015,220.81
7/15/2015,221.03
7/16/2015,222.89
7/17/2015,222.09
7/20/2015,222.59
7/21/2015,221.84
7/22/2015,222.71
7/23/2015,220.14
7/24/2015,221.11
7/27/2015,221.5
7/28/2015,221.85
7/29/2015,223.06
7/30/2015,222.05
7/31/2015,223.69
8/3/2015,224.92
8/4/2015,223.42
8/5/2015,222.16
8/6/2015,222.58
8/7/2015,223.32
8/10/2015,222.68
8/11/2015,224.22
8/12/2015,224.97
8/13/2015,225.19
8/14/2015,226.32
8/17/2015,228.33
8/18/2015,228.76
8/19/2015,227.25
8/20/2015,225.58
8/21/2015,221.42
8/24/2015,210.81
8/25/2015,205.26
8/26/2015,210.99
8/27/2015,215.03
8/28/2015,214.76
8/31/2015,209.93
9/1/2015,205.83
9/2/2015,208.1
9/3/2015,208.69
9/4/2015,204.46
9/7/2015,
9/8/2015,207.79
9/9/2015,205.3
9/10/2015,206.01
9/11/2015,209.68
9/14/2015,209.72
9/15/2015,211.74
9/16/2015,214.06
9/17/2015,216.27
9/18/2015,215.41
9/21/2015,217.46
9/22/2015,214.54
9/23/2015,216.12
9/24/2015,213.96
9/25/2015,215.1
9/28/2015,211.11
9/29/2015,213.85
9/30/2015,215.44
10/1/2015,216.56
10/2/2015,218.46
10/5/2015,222.12
10/6/2015,221.52
10/7/2015,224.07
10/8/2015,225.95
10/9/2015,225.67
10/12/2015,227.18
10/13/2015,225.29
10/14/2015,223.53
10/15/2015,226.81
10/16/2015,228.51
10/19/2015,231.89
10/20/2015,231.8
10/21/2015,230.85
10/22/2015,232.82
10/23/2015,230.22
10/26/2015,230.3
10/27/2015,230.52
10/28/2015,230.51
10/29/2015,230.36
10/30/2015,228.06
11/2/2015,232.92
11/3/2015,230.42
11/4/2015,229.45
11/5/2015,230.22
11/6/2015,223.31
11/9/2015,219.69
11/10/2015,222.21
11/11/2015,222.59
11/12/2015,220.9
11/13/2015,218.28
11/16/2015,220.61
11/17/2015,220.73
11/18/2015,222.75
11/19/2015,223.56
11/20/2015,226.28
11/23/2015,226.65
11/24/2015,225.39
11/25/2015,226.58
11/26/2015,
11/27/2015,228.55
11/30/2015,226.62
12/1/2015,229.84
12/2/2015,225
12/3/2015,221.5
12/4/2015,226.1
12/7/2015,225.37
12/8/2015,225.34
12/9/2015,223.82
12/10/2015,222.04
12/11/2015,221.71
12/14/2015,222.74
12/15/2015,225.11
12/16/2015,229.4
12/17/2015,228.18
12/18/2015,225.37
12/21/2015,226.36
12/22/2015,227.05
12/23/2015,229.38
12/24/2015,229.39
12/25/2015,
12/28/2015,230.63
12/29/2015,232.8
12/30/2015,231.72
12/31/2015,229.72
1/1/2016,
1/4/2016,226.57
1/5/2016,231.17
1/6/2016,230.25
1/7/2016,226.07
1/8/2016,223.06
1/11/2016,224.41
1/12/2016,222.93
1/13/2016,219.84
1/14/2016,219.34
1/15/2016,217.73
1/18/2016,
1/19/2016,218.91
1/20/2016,212.58
1/21/2016,213.84
1/22/2016,219.47
1/25/2016,218.13
1/26/2016,222.81
1/27/2016,218.31
1/28/2016,216.32
1/29/2016,220.62
2/1/2016,220.77
2/2/2016,218.39
2/3/2016,219.85
2/4/2016,219.79
2/5/2016,215.23
2/8/2016,208.98
2/9/2016,205.04
2/10/2016,206.44
2/11/2016,203.26
2/12/2016,205.57
2/15/2016,
2/16/2016,209.37
2/17/2016,211.14
2/18/2016,213.02
2/19/2016,214.55
2/22/2016,216.84
2/23/2016,216.12
2/24/2016,215.86
2/25/2016,220.25
2/26/2016,219.06
2/29/2016,218.2
3/1/2016,224.63
3/2/2016,226.4
3/3/2016,227.27
3/4/2016,227.47
3/7/2016,227.89
3/8/2016,225.51
3/9/2016,226.64
3/10/2016,225.72
3/11/2016,231.04
3/14/2016,230.85
3/15/2016,230.99
3/16/2016,233.54
3/17/2016,236.9
3/18/2016,235.78
3/21/2016,233.59
3/22/2016,233.4
3/23/2016,231.97
3/24/2016,232.02
3/25/2016,
3/28/2016,234.14
3/29/2016,238.87
3/30/2016,238.21
3/31/2016,239.75
4/1/2016,239.45
4/4/2016,239.16
4/5/2016,237.48
4/6/2016,237.96
4/7/2016,236.37
4/8/2016,237.77
4/11/2016,236.92
4/12/2016,238.63
4/13/2016,237.45
4/14/2016,235.98
4/15/2016,237.8
4/18/2016,238.88
4/19/2016,238.95
4/20/2016,234.98
4/21/2016,230.94
4/22/2016,233.43
4/25/2016,235.61
4/26/2016,236.51
4/27/2016,235.93
4/28/2016,235.37
4/29/2016,233.06
5/2/2016,237.15
5/3/2016,237.35
5/4/2016,240.67
5/5/2016,241.27
5/6/2016,243.72
5/9/2016,246.18
5/10/2016,246.36
5/11/2016,240.53
5/12/2016,241.99
5/13/2016,239.37
5/16/2016,241.88
5/17/2016,237.21
5/18/2016,233.86
5/19/2016,231.32
5/20/2016,233.26
5/23/2016,233.16
5/24/2016,236.01
5/25/2016,236.06
5/26/2016,236.51
5/27/2016,237.7
5/30/2016,
5/31/2016,237.64
6/1/2016,237.7
6/2/2016,238.7
6/3/2016,239.19
6/6/2016,237.32
6/7/2016,238.53
6/8/2016,239.99
6/9/2016,240.37
6/10/2016,239.15
6/13/2016,238.98
6/14/2016,238.38
6/15/2016,240.75
6/16/2016,242.19
6/17/2016,242.03
6/20/2016,242.14
6/21/2016,243.31
6/22/2016,242.84
6/23/2016,244.16
6/24/2016,241.4
6/27/2016,241.53
6/28/2016,246.37
6/29/2016,249.44
6/30/2016,251.9
7/1/2016,252.05
7/4/2016,
7/5/2016,254.5
7/6/2016,253.62
7/7/2016,251.06
7/8/2016,255.23
7/11/2016,256.88
7/12/2016,256.97
7/13/2016,258.16
7/14/2016,255.98
7/15/2016,255.93
7/18/2016,256.46
7/19/2016,257.78
7/20/2016,257.68
7/21/2016,258.11
7/22/2016,260.37
7/25/2016,260.08
7/26/2016,258.84
7/27/2016,256.38
7/28/2016,258.61
7/29/2016,261.81
8/1/2016,262.79
8/2/2016,258.52
8/3/2016,257.13
8/4/2016,256.15
8/5/2016,256.33
8/8/2016,256.92
8/9/2016,258.12
8/10/2016,257.78
8/11/2016,254.78
8/12/2016,255.78
8/15/2016,255.61
8/16/2016,252.65
8/17/2016,253.45
8/18/2016,253.16
8/19/2016,251.41
8/22/2016,252.48
8/23/2016,252.63
8/24/2016,251.42
8/25/2016,252.74
8/26/2016,250.44
8/29/2016,253.08
8/30/2016,252.72
8/31/2016,252.91
9/1/2016,252.35
9/2/2016,254.37
9/5/2016,
9/6/2016,255.99
9/7/2016,257.46
9/8/2016,254.18
9/9/2016,244.55
9/12/2016,247.31
9/13/2016,240.79
9/14/2016,241.57
9/15/2016,242.42
9/16/2016,242.34
9/19/2016,244.55
9/20/2016,244.07
9/21/2016,246.84
9/22/2016,250.9
9/23/2016,251.48
9/26/2016,252.02
9/27/2016,249.37
9/28/2016,250.95
9/29/2016,247.43
9/30/2016,245.82
10/3/2016,241.15
10/4/2016,237.96
10/5/2016,233.4
10/6/2016,233.69
10/7/2016,233.35
10/10/2016,234.75
10/11/2016,232.51
10/12/2016,235.02
10/13/2016,236.58
10/14/2016,235.74
10/17/2016,236.13
10/18/2016,237.62
10/19/2016,238.19
10/20/2016,237.58
10/21/2016,236.64
10/24/2016,237.29
10/25/2016,236.65
10/26/2016,233.67
10/27/2016,227.6
10/28/2016,228.42
10/31/2016,232.16
11/1/2016,227.06
11/2/2016,224.07
11/3/2016,222.56
11/4/2016,224.03
11/7/2016,227.66
11/8/2016,229.03
11/9/2016,225.68
11/10/2016,222.48
11/11/2016,223.71
11/14/2016,228.9
11/15/2016,226.57
11/16/2016,225.93
11/17/2016,223.61
11/18/2016,224.07
11/21/2016,223.38
11/22/2016,227.05
11/23/2016,226.17
11/24/2016,
11/25/2016,227.3
11/28/2016,228.55
11/29/2016,230.55
11/30/2016,228.31
12/1/2016,225.04
12/2/2016,227.15
12/5/2016,229.04
12/6/2016,230.4
12/7/2016,235.27
12/8/2016,236.75
12/9/2016,236.27
12/12/2016,237.93
12/13/2016,238.06
12/14/2016,232.84
12/15/2016,231.42
12/16/2016,235
12/19/2016,237.17
12/20/2016,237.63
12/21/2016,233.99
12/22/2016,233.57
12/23/2016,234.11
12/26/2016,
12/27/2016,234.59
12/28/2016,232.55
12/29/2016,235.16
12/30/2016,237.98
1/2/2017,
1/3/2017,238.68
1/4/2017,242.27
1/5/2017,242.87
1/6/2017,242.98
1/9/2017,240.72
1/10/2017,238.42
1/11/2017,236.83
1/12/2017,237.89
1/13/2017,237.58
1/16/2017,
1/17/2017,239.23
1/18/2017,239.82
1/19/2017,237.53
1/20/2017,239.32
1/23/2017,241.15
1/24/2017,241.15
1/25/2017,239.42
1/26/2017,238.92
1/27/2017,236.41
1/30/2017,235.04
1/31/2017,236.72
2/1/2017,233.68
2/2/2017,236.33
2/3/2017,237.58
2/6/2017,237.03
2/7/2017,236.07
2/8/2017,238.03
2/9/2017,238.46
2/10/2017,239.94
2/13/2017,239.99
2/14/2017,238.75
2/15/2017,237.75
2/16/2017,239.09
2/17/2017,239.67
2/20/2017,
2/21/2017,242.71
2/22/2017,241.87
2/23/2017,243.06
2/24/2017,244.24
2/27/2017,245.61
2/28/2017,244.06
3/1/2017,243.36
3/2/2017,242.1
3/3/2017,241.05
3/6/2017,239.95
3/7/2017,238.85
3/8/2017,234.79
3/9/2017,231.28
3/10/2017,230.49
3/13/2017,230.55
3/14/2017,230.39
3/15/2017,235.29
3/16/2017,234.72
3/17/2017,235.44
3/20/2017,235.22
3/21/2017,234.34
3/22/2017,234.22
3/23/2017,235.99
3/24/2017,235.79
3/27/2017,233.51
3/28/2017,234.57
3/29/2017,235.11
3/30/2017,235.66
3/31/2017,237.03
4/3/2017,237.58
4/4/2017,237.45
4/5/2017,237.78
4/6/2017,239.02
4/7/2017,239.15
4/10/2017,240.93
4/11/2017,242.41
4/12/2017,241.96
4/13/2017,241.28
4/14/2017,
4/17/2017,244.25
4/18/2017,244.83
4/19/2017,244.41
4/20/2017,244.42
4/21/2017,243.31
4/24/2017,240.81
4/25/2017,242.01
4/26/2017,239.74
4/27/2017,239.12
4/28/2017,236.91
5/1/2017,238.46
5/2/2017,238.13
5/3/2017,235.12
5/4/2017,234.89
5/5/2017,236.38
5/8/2017,234.84
5/9/2017,233.73
5/10/2017,235.62
5/11/2017,234.5
5/12/2017,233.42
5/15/2017,233.89
5/16/2017,232.19
5/17/2017,233.14
5/18/2017,234.6
5/19/2017,236.04
5/22/2017,236.75
5/23/2017,237.12
5/24/2017,238.83
5/25/2017,238.61
5/26/2017,236.75
5/29/2017,
5/30/2017,235.25
5/31/2017,235.53
6/1/2017,236.45
6/2/2017,238.65
6/5/2017,237.96
6/6/2017,236.69
6/7/2017,238.42
6/8/2017,238.01
6/9/2017,239.58
6/12/2017,241.38
6/13/2017,241.79
6/14/2017,242.32
6/15/2017,243.45
6/16/2017,242.78
6/19/2017,242.84
6/20/2017,242.38
6/21/2017,241.93
6/22/2017,242.09
6/23/2017,242.96
6/26/2017,244.2
6/27/2017,242.26
6/28/2017,242
6/29/2017,239.51
6/30/2017,239.34
7/3/2017,242.48
7/4/2017,
7/5/2017,238.99
7/6/2017,234.33
7/7/2017,235.74
7/10/2017,233.39
7/11/2017,233.18
7/12/2017,235.86
7/13/2017,236.3
7/14/2017,238.5
7/17/2017,240.29
7/18/2017,239.98
7/19/2017,241.73
7/20/2017,240.3
7/21/2017,240.2
7/24/2017,239.77
7/25/2017,240.09
7/26/2017,241.82
7/27/2017,242.11
7/28/2017,241.6
7/31/2017,241.65
8/1/2017,242.68
8/2/2017,240.79
8/3/2017,240.03
8/4/2017,240.64
8/7/2017,240.52
8/8/2017,239.4
8/9/2017,238.69
8/10/2017,236.87
8/11/2017,235.32
8/14/2017,239.44
8/15/2017,238.32
8/16/2017,238.92
8/17/2017,237.39
8/18/2017,235.09
8/21/2017,237.53
8/22/2017,237.01
8/23/2017,239.44
8/24/2017,238.7
8/25/2017,239.71
8/28/2017,237.85
8/29/2017,237.58
8/30/2017,238.93
8/31/2017,240.01
9/1/2017,240.92
9/4/2017,
9/5/2017,240.23
9/6/2017,240.96
9/7/2017,242.48
9/8/2017,242.73
9/11/2017,244.86
9/12/2017,241.72
9/13/2017,241.16
9/14/2017,243.23
9/15/2017,243.41
9/18/2017,242.09
9/19/2017,240.51
9/20/2017,239.86
9/21/2017,239.29
9/22/2017,237.62
9/25/2017,238.95
9/26/2017,239.35
9/27/2017,237.35
9/28/2017,238.49
9/29/2017,238.7
10/2/2017,238.12
10/3/2017,237.88
10/4/2017,239.11
10/5/2017,240.18
10/6/2017,239.6
10/9/2017,240.08
10/10/2017,240.76
10/11/2017,241.7
10/12/2017,242.98
10/13/2017,243.53
10/16/2017,242.36
10/17/2017,242.58
10/18/2017,242.44
10/19/2017,241.48
10/20/2017,240.14
10/23/2017,239.27
10/24/2017,237.81
10/25/2017,237.28
10/26/2017,235.52
10/27/2017,236.4
10/30/2017,236.07
10/31/2017,236.18
11/1/2017,237.39
11/2/2017,239.38
11/3/2017,238.66
11/6/2017,240.09
11/7/2017,242.06
11/8/2017,243.18
11/9/2017,243.35
11/10/2017,243.71
11/13/2017,244.89
11/14/2017,244.47
11/15/2017,241.81
11/16/2017,243.71
11/17/2017,242.75
11/20/2017,241.99
11/21/2017,243.69
11/22/2017,243.07
11/23/2017,
11/24/2017,243.48
11/27/2017,242.42
11/28/2017,241.33
11/29/2017,241.58
11/30/2017,241.86
12/1/2017,242.55
12/4/2017,241.15
12/5/2017,239.1
12/6/2017,238.9
12/7/2017,239.55
12/8/2017,240.89
12/11/2017,240.71
12/12/2017,242.24
12/13/2017,242.31
12/14/2017,242.15
12/15/2017,243.64
12/18/2017,245.07
12/19/2017,239.7
12/20/2017,236.82
12/21/2017,235.94
12/22/2017,237.52
12/25/2017,
12/26/2017,238.89
12/27/2017,239.78
12/28/2017,240.55
12/29/2017,240.05
1/1/2018,
1/2/2018,239.22
1/3/2018,238.87
1/4/2018,234.42
1/5/2018,234.71
1/8/2018,235.98
1/9/2018,232.89
1/10/2018,230.19
1/11/2018,229.33
1/12/2018,227.63
1/15/2018,
1/16/2018,227.99
1/17/2018,229.51
1/18/2018,226.84
1/19/2018,227.92
1/22/2018,230.12
1/23/2018,233.37
1/24/2018,232.1
1/25/2018,231.56
1/26/2018,230.88
1/29/2018,228.04
1/30/2018,226.27
1/31/2018,230.57
2/1/2018,225.38
2/2/2018,223.59
2/5/2018,216.77
2/6/2018,217
2/7/2018,215.98
2/8/2018,209.79
2/9/2018,215.4
2/12/2018,215.43
2/13/2018,216.62
2/14/2018,214.92
2/15/2018,216.96
2/16/2018,218.18
2/19/2018,
2/20/2018,215.48
2/21/2018,211.17
2/22/2018,213.56
2/23/2018,217.03
2/26/2018,217.46
2/27/2018,212.21
2/28/2018,212.47
3/1/2018,213.04
3/2/2018,212.9
3/5/2018,215.24
3/6/2018,216.04
3/7/2018,217.45
3/8/2018,217.75
3/9/2018,219.01
3/12/2018,219.88
3/13/2018,219.86
3/14/2018,220.08
3/15/2018,219.95
3/16/2018,221.69
3/19/2018,219.73
3/20/2018,218.9
3/21/2018,217.49
3/22/2018,216.01
3/23/2018,211.89
3/26/2018,214.37
3/27/2018,215.17
3/28/2018,220.33
3/29/2018,219.92
3/30/2018,
4/2/2018,216.77
4/3/2018,218.92
4/4/2018,221.19
4/5/2018,220.55
4/6/2018,218.87
4/9/2018,218.07
4/10/2018,218.53
4/11/2018,218.6
4/12/2018,216.04
4/13/2018,217.42
4/16/2018,218.6
4/17/2018,221.16
4/18/2018,220.71
4/19/2018,217.52
4/20/2018,215.48
4/23/2018,215.22
4/24/2018,216.07
4/25/2018,215.75
4/26/2018,218.8
4/27/2018,223.38
4/30/2018,222.66
5/1/2018,224.84
5/2/2018,223.7
5/3/2018,223.52
5/4/2018,225.73
5/7/2018,227.07
5/8/2018,225.77
5/9/2018,227.48
5/10/2018,229.21
5/11/2018,228.43
5/14/2018,226.29
5/15/2018,222.04
5/16/2018,221
5/17/2018,219.66
5/18/2018,219.9
5/21/2018,222.6
5/22/2018,223.08
5/23/2018,225.74
5/24/2018,225.32
5/25/2018,226.24
5/28/2018,
5/29/2018,227.25
5/30/2018,230.8
5/31/2018,229.97
6/1/2018,231.17
6/4/2018,233.42
6/5/2018,232.46
6/6/2018,233.3
6/7/2018,233.23
6/8/2018,234.16
6/11/2018,233.57
6/12/2018,234.52
6/13/2018,230.22
6/14/2018,232.31
6/15/2018,232.04
6/18/2018,232.09
6/19/2018,231.59
6/20/2018,234.59
6/21/2018,235.97
6/22/2018,237.83
6/25/2018,237.45
6/26/2018,237.87
6/27/2018,237
6/28/2018,238.7
6/29/2018,238.9
7/2/2018,237.37
7/3/2018,239.33
7/4/2018,
7/5/2018,242.04
7/6/2018,243.13
7/9/2018,241.3
7/10/2018,241.7
7/11/2018,241.01
7/12/2018,241.52
7/13/2018,240.81
7/16/2018,239.5
7/17/2018,237.34
7/18/2018,236.57
7/19/2018,239.47
7/20/2018,237.22
7/23/2018,236.95
7/24/2018,235.57
7/25/2018,237.37
7/26/2018,237.96
7/27/2018,235.33
7/30/2018,235.54
7/31/2018,239.93
8/1/2018,241.36
8/2/2018,240.54
8/3/2018,243.23
8/6/2018,242.87
8/7/2018,242.36
8/8/2018,241.37
8/9/2018,241.36
8/10/2018,239.12
8/13/2018,239.03
8/14/2018,240.22
8/15/2018,242.38
8/16/2018,244.03
8/17/2018,246.33
8/20/2018,246.49
8/21/2018,244.6
8/22/2018,243.22
8/23/2018,242.91
8/24/2018,244.35
8/27/2018,243.7
8/28/2018,246.73
8/29/2018,246.5
8/30/2018,245.47
8/31/2018,246.28
9/3/2018,
9/4/2018,243.45
9/5/2018,245.18
9/6/2018,245.89
9/7/2018,243.25
9/10/2018,244.45
9/11/2018,244.34
9/12/2018,244.21
9/13/2018,245.32
9/14/2018,243.27
9/17/2018,244.49
9/18/2018,243.01
9/19/2018,239.99
9/20/2018,242.12
9/21/2018,242.29
9/24/2018,237.23
9/25/2018,237.55
9/26/2018,234.48
9/27/2018,234.95
9/28/2018,238.36
10/1/2018,236.12
10/2/2018,235.43
10/3/2018,233.03
10/4/2018,230.88
10/5/2018,230.86
10/8/2018,234.29
10/9/2018,234.82
10/10/2018,231.58
10/11/2018,224.97
10/12/2018,224.31
10/15/2018,225.56
10/16/2018,229.95
10/17/2018,229.26
10/18/2018,228.96
10/19/2018,230.56
10/22/2018,227.29
10/23/2018,228.41
10/24/2018,230.68
10/25/2018,233.88
10/26/2018,228.72
10/29/2018,231.52
10/30/2018,233.5
10/31/2018,230.64
11/1/2018,231.56
11/2/2018,228.88
11/5/2018,232.45
11/6/2018,233.67
11/7/2018,236.58
11/8/2018,236.74
11/9/2018,236.79
11/12/2018,237.07
11/13/2018,237.09
11/14/2018,236.35
11/15/2018,234.1
11/16/2018,236.85
11/19/2018,237.17
11/20/2018,235.49
11/21/2018,235.53
11/22/2018,
11/23/2018,235.01
11/26/2018,235.19
11/27/2018,236.08
11/28/2018,238.38
11/29/2018,238.3
11/30/2018,240.68
12/3/2018,242.37
12/4/2018,238.43
12/5/2018,
12/6/2018,244.59
12/7/2018,241.56
12/10/2018,239.82
12/11/2018,239.74
12/12/2018,234.93
12/13/2018,236.2
12/14/2018,235.9
12/17/2018,226.87
12/18/2018,228.97
12/19/2018,226.14
12/20/2018,223.01
12/21/2018,220.43
12/24/2018,211.56
12/25/2018,
12/26/2018,218.63
12/27/2018,218.79
12/28/2018,218.93
12/31/2018,219.2
1/1/2019,
1/2/2019,213.64
1/3/2019,214.76
1/4/2019,217.37
1/7/2019,219.41
1/8/2019,224.54
1/9/2019,224.18
1/10/2019,227.45
1/11/2019,227.97
1/14/2019,227.03
1/15/2019,229.41
1/16/2019,231.01
1/17/2019,232.1
1/18/2019,232.75
1/21/2019,
1/22/2019,232.01
1/23/2019,232.02
1/24/2019,232.45
1/25/2019,235.28
1/28/2019,237.9
1/29/2019,240.03
1/30/2019,242.01
1/31/2019,243.89
2/1/2019,242.22
2/4/2019,244.4
2/5/2019,245.56
2/6/2019,244.29
2/7/2019,246.69
2/8/2019,246.78
2/11/2019,247.48
2/12/2019,245.36
2/13/2019,246.48
2/14/2019,247.26
2/15/2019,248.49
2/18/2019,
2/19/2019,248.92
2/20/2019,247.07
2/21/2019,247.12
2/22/2019,248.72
2/25/2019,246.93
2/26/2019,246.22
2/27/2019,244.93
2/28/2019,245.4
3/1/2019,244.16
3/4/2019,245.16
3/5/2019,246.04
3/6/2019,244.84
3/7/2019,244.3
3/8/2019,244.5
3/11/2019,247.74
3/12/2019,248.99
3/13/2019,249.87
3/14/2019,250.26
3/15/2019,248.78
3/18/2019,247.07
3/19/2019,246
3/20/2019,246.85
3/21/2019,251.33
3/22/2019,249.81
3/25/2019,249.77
3/26/2019,252.32
3/27/2019,251.42
3/28/2019,253.19
3/29/2019,251.94
4/1/2019,252.36
4/2/2019,254.02
4/3/2019,253.84
4/4/2019,253.4
4/5/2019,254.77
4/8/2019,253.08
4/9/2019,251.52
4/10/2019,254.19
4/11/2019,253.89
4/12/2019,255.28
4/15/2019,253.9
4/16/2019,247.77
4/17/2019,245.3
4/18/2019,247.72
4/19/2019,
4/22/2019,244.33
4/23/2019,247.64
4/24/2019,250.07
4/25/2019,250.1
4/26/2019,251.67
4/29/2019,248.9
4/30/2019,251.19
5/1/2019,252.23
5/2/2019,252.77
5/3/2019,255
5/6/2019,254.19
5/7/2019,249.64
5/8/2019,249.15
5/9/2019,250.23
5/10/2019,252.73
5/13/2019,252.35
5/14/2019,253.2
5/15/2019,254.76
5/16/2019,255.96
5/17/2019,255.65
5/20/2019,252.28
5/21/2019,254.78
5/22/2019,255.08
5/23/2019,255.51
5/24/2019,256.22
5/27/2019,
5/28/2019,253.37
5/29/2019,249.79
5/30/2019,250.28
5/31/2019,251.35
6/3/2019,251.75
6/4/2019,250.45
6/5/2019,256.08
6/6/2019,256.33
6/7/2019,257.1
6/10/2019,256.42
6/11/2019,256.64
6/12/2019,257.03
6/13/2019,258.56
6/14/2019,258.48
6/17/2019,261.26
6/18/2019,260.19
6/19/2019,261.76
6/20/2019,262.83
6/21/2019,259.49
6/24/2019,257.86
6/25/2019,254.95
6/26/2019,249.88
6/27/2019,252.18
6/28/2019,253.67
7/1/2019,253.17
7/2/2019,257.56
7/3/2019,260.76
7/4/2019,
7/5/2019,259.79
7/8/2019,261.07
7/9/2019,262.29
7/10/2019,263.82
7/11/2019,260.53
7/12/2019,259.84
7/15/2019,259.66
7/16/2019,259.41
7/17/2019,258.64
7/18/2019,259.14
7/19/2019,254.35
7/22/2019,253.88
7/23/2019,257.04
7/24/2019,257.17
7/25/2019,255.47
7/26/2019,256.1
7/29/2019,257.41
7/30/2019,258.72
7/31/2019,257.36
8/1/2019,257.34
8/2/2019,258.26
8/5/2019,252.92
8/6/2019,255.53
8/7/2019,258.14
8/8/2019,262.32
8/9/2019,262.08
8/12/2019,261.34
8/13/2019,261.59
8/14/2019,257.76
8/15/2019,260.11
8/16/2019,262.8
8/19/2019,264.88
8/20/2019,262.2
8/21/2019,263.01
8/22/2019,264.39
8/23/2019,260.36
8/26/2019,262.35
8/27/2019,261.26
8/28/2019,262.12
8/29/2019,264.58
8/30/2019,265.07
9/2/2019,
9/3/2019,267.19
9/4/2019,269.17
9/5/2019,267.61
9/6/2019,268.74
9/9/2019,268.35
9/10/2019,266.44
9/11/2019,266.9
9/12/2019,267.38
9/13/2019,264.69
9/16/2019,267.28
9/17/2019,269.5
9/18/2019,268.65
9/19/2019,268.83
9/20/2019,268.49
9/23/2019,269.23
9/24/2019,268.81
9/25/2019,269.96
9/26/2019,272.43
9/27/2019,271.29
9/30/2019,271.15
10/1/2019,268.41
10/2/2019,267.63
10/3/2019,270.2
10/4/2019,271.61
10/7/2019,271.02
10/8/2019,269.52
10/9/2019,269.96
10/10/2019,270
10/11/2019,270.02
10/14/2019,270.06
10/15/2019,270.96
10/16/2019,271.15
10/17/2019,271.9
10/18/2019,273.6
10/21/2019,275.99
10/22/2019,275.46
10/23/2019,275.97
10/24/2019,276.01
10/25/2019,273.02
10/28/2019,271.67
10/29/2019,272.2
10/30/2019,274.12
10/31/2019,273.44
11/1/2019,273.2
11/4/2019,271.35
11/5/2019,267.11
11/6/2019,267.68
11/7/2019,264.75
11/8/2019,263.99
11/11/2019,264.27
11/12/2019,261.79
11/13/2019,264.18
11/14/2019,266.16
11/15/2019,267.32
11/18/2019,268.69
11/19/2019,269.26
11/20/2019,268.26
11/21/2019,264.47
11/22/2019,264.24
11/25/2019,265.17
11/26/2019,268.53
11/27/2019,270.04
11/28/2019,
11/29/2019,268.75
12/2/2019,264.47
12/3/2019,266.09
12/4/2019,267.05
12/5/2019,267.11
12/6/2019,267.52
12/9/2019,267.98
12/10/2019,266.61
12/11/2019,263.04
12/12/2019,258.78
12/13/2019,258.41
12/16/2019,259.91
12/17/2019,257.6
12/18/2019,259.79
12/19/2019,261.44
12/20/2019,262.73
12/23/2019,261.12
12/24/2019,261.72
12/25/2019,
12/26/2019,263.05
12/27/2019,263.92
12/30/2019,263.72
12/31/2019,265.49
1/1/2020,
1/2/2020,261.26
1/3/2020,263.96
1/6/2020,264.32
1/7/2020,261.24
1/8/2020,262.14
1/9/2020,261.84
1/10/2020,263.73
1/13/2020,266.5
1/14/2020,265.31
1/15/2020,267.4
1/16/2020,270.3
1/17/2020,270.51
1/20/2020,
1/21/2020,273.03
1/22/2020,270.86
1/23/2020,273.2
1/24/2020,272.33
1/27/2020,270.65
1/28/2020,271.33
1/29/2020,270.69
1/30/2020,270.39
1/31/2020,267.06
2/3/2020,267.67
2/4/2020,270.68
2/5/2020,270.53
2/6/2020,271.59
2/7/2020,271.2
2/10/2020,274.37
2/11/2020,274.43
2/12/2020,275.69
2/13/2020,277.16
2/14/2020,280.51
2/17/2020,
2/18/2020,280.6
2/19/2020,276.24
2/20/2020,279.88
